DATE,STATE,COUNTY (TOP 3),TOTAL CASES,TOTAL DEATHS,NEW CASES,NEW DEATHS,TESTS PERFORMED THAT DAY,TOTAL TESTS PERFORMED,,,,
1-Apr,NY,QUEENS,15217,447,,,,220880,,,,
,,KINGS,12274,328,,,,,,,,
,,NASSAU,8544,63,,,,,,,,
,,BRONX,8607,360,,,,,,,,
,,SUFFOLK,7605,69,,,,,,,,
,NJ,BERGEN,3494,75,,,,52642,,,,
,,HUDSON,1910,29,,,,,,,,
,,ESSEX,2262,69,,,,,,,,
,,UNION,1661,29,,,,,,,,
,,PASSAIC,1494,15,,,,,,,,
,MA,SUFFOLK,1624,15,,,,51738,,,,
,,MIDDLESEX,1582,21,,,,,,,,
,,ESSEX,885,18,,,,,,,,
,,NORFOLK,829,16,,,,,,,,
,,WORCESTER,563,10,,,,,,,,
,MI,WAYNE,4470,146,,,,40125,,,,
,,OAKLAND,1591,70,,,,,,,,
,,MACOMB,853,38,,,,,,,,
,,GENESEE,249,8,,,,,,,,
,,WASHTENAW,401,8,,,,,,,,
,PA,PHILADELPHIA,1478,14,,,,48232,,,,
,,MONTGOMERY,649,8,,,,,,,,
,,DELEWARE,390,7,,,,,,,,
,,LEHIGH,374,5,,,,,,,,
,,BERKS,151,0,,,,,,,,
,CA,LOS ANGELES,3502,66,,,,29927,,,,
,,SAN DIEGO,851,11,,,,,,,,
,,RIVERSIDE,306,11,,,,,,,,
,,SANTA CLARA,956,33,,,,,,,,
,,ORANGE,606,10,,,,,,,,
2-Apr,NY,QUEENS,16819,499,1602,52,18085,238965,,,,
,,KINGS,12390,385,116,57,,,,,,
,,NASSAU,9555,76,1011,13,,,,,,
,,BRONX,9343,421,736,61,,,,,,
,,SUFFOLK,8746,84,1141,15,,,,,,
,NJ,BERGEN,4099,120,605,45,6468,59110,,,,
,,HUDSON,2270,44,360,15,,,,,,
,,ESSEX,2617,99,355,30,,,,,,
,,UNION,2010,34,349,5,,,,,,
,,PASSAIC,1750,22,256,7,,,,,,
,MA,SUFFOLK,1896,21,272,6,4870,56608,,,,
,,MIDDLESEX,1870,29,288,8,,,,,,
,,ESSEX,1039,19,154,1,,,,,,
,,NORFOLK,938,22,109,6,,,,,,
,,WORCESTER,667,14,104,4,,,,,,
,MI,WAYNE,5069,194,599,48,4360,44485,,,,
,,OAKLAND,2183,119,592,49,,,,,,
,,MACOMB,1332,58,479,20,,,,,,
,,GENESEE,349,10,100,2,,,,,,
,,WASHTENAW,438,8,37,0,,,,,,
,PA,PHILADELPHIA,1852,14,374,0,6482,54714,,,,
,,MONTGOMERY,735,9,86,1,,,,,,
,,DELEWARE,470,8,80,1,,,,,,
,,LEHIGH,479,5,105,0,,,,,,
,,BERKS,168,1,17,1,,,,,,
,CA,LOS ANGELES,4040,79,538,13,3073,33000,,,,
,,SAN DIEGO,968,16,117,5,,,,,,
,,RIVERSIDE,438,13,132,2,,,,,,
,,SANTA CLARA,1019,37,63,4,,,,,,
,,ORANGE,656,13,50,3,,,,,,
3-Apr,NY,QUEENS,18823,590,2004,91,21555,260520,,,,
,,KINGS,15327,485,2937,100,,,,,,
,,NASSAU,10587,138,1032,62,,,,,,
,,BRONX,10765,480,1422,59,,,,,,
,,SUFFOLK,10154,96,1408,12,,,,,,
,NJ,BERGEN,4866,132,767,12,8393,67503,,,,
,,HUDSON,2835,59,565,15,,,,,,
,,ESSEX,3067,118,450,19,,,,,,
,,UNION,2487,45,477,11,,,,,,
,,PASSAIC,2216,34,466,12,,,,,,
,MA,SUFFOLK,2183,23,287,2,6354,62962,,,,
,,MIDDLESEX,2202,39,332,10,,,,,,
,,ESSEX,1238,24,199,5,,,,,,
,,NORFOLK,1045,25,107,3,,,,,,
,,WORCESTER,825,15,158,1,,,,,,
,MI,WAYNE,6096,223,1027,29,4437,48922,,,,
,,OAKLAND,2540,136,357,17,,,,,,
,,MACOMB,1560,65,228,7,,,,,,
,,GENESEE,422,11,73,1,,,,,,
,,WASHTENAW,477,8,39,0,,,,,,
,PA,PHILADELPHIA,2284,14,432,0,7401,62115,,,,
,,MONTGOMERY,875,11,140,2,,,,,,
,,DELEWARE,542,10,72,2,,,,,,
,,LEHIGH,584,5,105,0,,,,,,
,,BERKS,201,1,33,0,,,,,,
,CA,LOS ANGELES,4566,91,526,12,2300,35300,,,,
,,SAN DIEGO,1114,17,146,1,,,,,,
,,RIVERSIDE,540,14,102,1,,,,,,
,,SANTA CLARA,1094,39,75,2,,,,,,
,,ORANGE,711,13,55,0,,,,,,
4-Apr,NY,QUEENS,20371,685,1548,95,23101,283621,,,,
,,KINGS,16488,610,1161,125,,,,,,
,,NASSAU,13346,396,2759,258,,,,,,
,,BRONX,11820,576,1055,96,,,,,,
,,SUFFOLK,12328,175,2174,79,,,,,,
,NJ,BERGEN,5760,396,894,264,7853,75356,,,,
,,HUDSON,3491,179,656,120,,,,,,
,,ESSEX,3584,78155,517,78037,,,,,,
,,UNION,2916,66,429,21,,,,,,
,,PASSAIC,2856,38,640,4,,,,,,
,MA,SUFFOLK,2429,28,246,5,5838,68800,,,,
,,MIDDLESEX,2468,39,266,0,,,,,,
,,ESSEX,1400,26,162,2,,,,,,
,,NORFOLK,1199,26,154,1,,,,,,
,,WORCESTER,915,18,90,3,,,,,,
,MI,WAYNE,6762,252,666,29,4878,53800,,,,
,,OAKLAND,3035,163,495,27,,,,,,
,,MACOMB,2003,83,443,18,,,,,,
,,GENESEE,464,15,42,4,,,,,,
,,WASHTENAW,501,8,24,0,,,,,,
,PA,PHILADELPHIA,2610,24,326,10,7915,70030,,,,
,,MONTGOMERY,982,17,107,6,,,,,,
,,DELEWARE,616,13,74,3,,,,,,
,,LEHIGH,804,7,220,2,,,,,,
,,BERKS,235,2,34,1,,,,,,
,CA,LOS ANGELES,5275,117,709,26,78400,113700,,,,
,,SAN DIEGO,1211,18,97,1,,,,,,
,,RIVERSIDE,652,15,112,1,,,,,,
,,SANTA CLARA,1148,40,54,1,,,,,,
,,ORANGE,786,14,75,1,,,,,,
5-Apr,NY,QUEENS,21781,771,1410,86,18659,302280,,,,
,,KINGS,17520,668,1032,58,,,,,,
,,NASSAU,14398,396,1052,0,,,,,,
,,BRONX,12738,627,918,51,,,,,,
,,SUFFOLK,12933,175,605,0,,,,,,
,NJ,BERGEN,6187,189,427,-207,6810,82166,,,,
,,HUDSON,3924,87,433,-92,,,,,,
,,ESSEX,4082,172,498,-77983,,,,,,
,,UNION,3216,71,300,5,,,,,,
,,PASSAIC,3227,42,371,4,,,,,,
,MA,SUFFOLK,2658,29,229,1,3137,71937,,,,
,,MIDDLESEX,2632,42,164,3,,,,,,
,,ESSEX,1506,28,106,2,,,,,,
,,NORFOLK,1271,27,72,1,,,,,,
,,WORCESTER,978,18,63,0,,,,,,
,MI,WAYNE,7518,293,756,41,4098,57898,,,,
,,OAKLAND,3074,165,39,2,,,,,,
,,MACOMB,2003,83,0,0,,,,,,
,,GENESEE,504,18,40,3,,,,,,
,,WASHTENAW,521,8,20,0,,,,,,
,PA,PHILADELPHIA,3135,28,525,4,7741,77771,,,,
,,MONTGOMERY,1111,22,129,5,,,,,,
,,DELEWARE,708,14,92,1,,,,,,
,,LEHIGH,877,8,73,1,,,,,,
,,BERKS,276,3,41,1,,,,,,
,CA,LOS ANGELES,5892,130,617,13,2833,116533,,,,
,,SAN DIEGO,1328,19,117,1,,,,,,
,,RIVERSIDE,669,17,17,2,,,,,,
,,SANTA CLARA,1207,40,59,0,,,,,,
,,ORANGE,834,14,48,0,,,,,,
6-Apr,NY,QUEENS,23083,876,1302,105,18531,320811,,,,
,,KINGS,18434,738,914,70,,,,,,
,,NASSAU,14398,535,0,139,,,,,,
,,BRONX,13680,679,942,52,,,,,,
,,SUFFOLK,14473,237,1540,62,,,,,,
,NJ,BERGEN,6862,200,675,11,6866,89032,,,,
,,HUDSON,4395,92,471,5,,,,,,
,,ESSEX,4493,186,411,14,,,,,,
,,UNION,3685,78,469,7,,,,,,
,,PASSAIC,3756,53,529,11,,,,,,
,MA,SUFFOLK,2929,33,271,4,4492,76429,,,,
,,MIDDLESEX,2950,48,318,6,,,,,,
,,ESSEX,1653,31,147,3,,,,,,
,,NORFOLK,1382,30,111,3,,,,,,
,,WORCESTER,1077,19,99,1,,,,,,
,MI,WAYNE,8270,346,752,53,4072,61970,,,,
,,OAKLAND,3380,185,306,20,,,,,,
,,MACOMB,2159,100,156,17,,,,,,
,,GENESEE,568,26,64,8,,,,,,
,,WASHTENAW,543,10,22,2,,,,,,
,PA,PHILADELPHIA,3611,28,476,0,6083,83854,,,,
,,MONTGOMERY,1230,22,119,0,,,,,,
,,DELEWARE,822,15,114,1,,,,,,
,,LEHIGH,1006,8,129,0,,,,,,
,,BERKS,326,3,50,0,,,,,,
,CA,LOS ANGELES,6346,145,454,15,898,117431,,,,
,,SAN DIEGO,1406,19,78,0,,,,,,
,,RIVERSIDE,854,17,185,0,,,,,,
,,SANTA CLARA,1224,40,17,0,,,,,,
,,ORANGE,882,14,48,0,,,,,,
7-Apr,NY,QUEENS,24809,1129,1726,253,19247,340058,,,,
,,KINGS,20235,946,1801,208,,,,,,
,,NASSAU,16610,620,2212,85,,,,,,
,,BRONX,14941,902,1261,223,,,,,,
,,SUFFOLK,15561,266,1088,29,,,,,,
,NJ,BERGEN,7533,263,671,63,5942,94974,,,,
,,HUDSON,4949,103,554,11,,,,,,
,,ESSEX,5078,232,585,46,,,,,,
,,UNION,4358,95,673,17,,,,,,
,,PASSAIC,4101,62,345,9,,,,,,
,MA,SUFFOLK,3245,42,316,9,4915,81344,,,,
,,MIDDLESEX,3187,69,237,21,,,,,,
,,ESSEX,1841,37,188,6,,,,,,
,,NORFOLK,1592,36,210,6,,,,,,
,,WORCESTER,1172,24,95,5,,,,,,
,MI,WAYNE,9045,402,775,56,3403,65373,,,,
,,OAKLAND,3736,205,356,20,,,,,,
,,MACOMB,2414,121,255,21,,,,,,
,,GENESEE,638,33,70,7,,,,,,
,,WASHTENAW,561,12,18,2,,,,,,
,PA,PHILADELPHIA,4012,58,401,30,7424,91278,,,,
,,MONTGOMERY,1359,30,129,8,,,,,,
,,DELEWARE,898,20,76,5,,,,,,
,,LEHIGH,1146,10,140,2,,,,,,
,,BERKS,369,4,43,1,,,,,,
,CA,LOS ANGELES,6885,170,539,25,13798,131229,,,,
,,SAN DIEGO,1456,31,50,12,,,,,,
,,RIVERSIDE,905,25,51,8,,,,,,
,,SANTA CLARA,1285,44,61,4,,,,,,
,,ORANGE,931,15,49,1,,,,,,
8-Apr,NY,QUEENS,26204,1344,1395,215,25095,365153,,,,
,,KINGS,21580,1185,1345,239,,,,,,
,,NASSAU,18548,701,1938,81,,,,,,
,,BRONX,16419,1001,1478,99,,,,,,
,,SUFFOLK,15844,328,283,62,,,,,,
,NJ,BERGEN,7874,314,341,51,5442,100416,,,,
,,HUDSON,5437,122,488,19,,,,,,
,,ESSEX,5598,276,520,44,,,,,,
,,UNION,4831,125,473,30,,,,,,
,,PASSAIC,4372,71,271,9,,,,,,
,MA,SUFFOLK,3600,50,355,8,6167,87511,,,,
,,MIDDLESEX,3545,80,358,11,,,,,,
,,ESSEX,2103,52,262,15,,,,,,
,,NORFOLK,1778,42,186,6,,,,,,
,,WORCESTER,1296,30,124,6,,,,,,
,MI,WAYNE,9626,446,581,44,766,66139,,,,
,,OAKLAND,4007,234,271,29,,,,,,
,,MACOMB,2626,141,212,20,,,,,,
,,GENESEE,713,39,75,6,,,,,,
,,WASHTENAW,610,13,49,1,,,,,,
,PA,PHILADELPHIA,4456,86,444,28,7260,98538,,,,
,,MONTGOMERY,1521,37,162,7,,,,,,
,,DELEWARE,1034,23,136,3,,,,,,
,,LEHIGH,1319,11,173,1,,,,,,
,,BERKS,416,7,47,3,,,,,,
,CA,LOS ANGELES,7505,196,620,26,13035,144264,,,,
,,SAN DIEGO,1532,36,76,5,,,,,,
,,RIVERSIDE,974,28,69,3,,,,,,
,,SANTA CLARA,1380,47,95,3,,,,,,
,,ORANGE,1016,17,85,2,,,,,,
9-Apr,NY,QUEENS,27759,1493,1555,149,26396,391549,,,,
,,KINGS,23408,1341,1828,156,,,,,,
,,NASSAU,20140,778,1592,77,,,,,,
,,BRONX,18736,1135,2317,134,,,,,,
,,SUFFOLK,17413,369,1569,41,,,,,,
,NJ,BERGEN,8343,345,469,31,6776,107192,,,,
,,HUDSON,5879,132,442,10,,,,,,
,,ESSEX,6069,312,471,36,,,,,,
,,UNION,5203,145,372,20,,,,,,
,,PASSAIC,4690,82,318,11,,,,,,
,MA,SUFFOLK,4041,56,441,6,7447,94958,,,,
,,MIDDLESEX,4045,93,500,13,,,,,,
,,ESSEX,2336,61,233,9,,,,,,
,,NORFOLK,2007,52,229,10,,,,,,
,,WORCESTER,1461,31,165,1,,,,,,
,MI,WAYNE,10093,504,467,58,915,67054,,,,
,,OAKLAND,4247,246,240,12,,,,,,
,,MACOMB,2783,165,157,24,,,,,,
,,GENESEE,755,48,42,9,,,,,,
,,WASHTENAW,637,15,27,2,,,,,,
,PA,PHILADELPHIA,5029,86,573,0,7064,105602,,,,
,,MONTGOMERY,1693,37,172,0,,,,,,
,,DELEWARE,1222,26,188,3,,,,,,
,,LEHIGH,1466,13,147,2,,,,,,
,,BERKS,616,8,200,1,,,,,,
,CA,LOS ANGELES,7919,220,414,24,19236,163500,,,,
,,SAN DIEGO,1630,40,98,4,,,,,,
,,RIVERSIDE,1083,29,109,1,,,,,,
,,SANTA CLARA,1442,48,62,1,,,,,,
,,ORANGE,1079,17,63,0,,,,,,
10-Apr,NY,QUEENS,29754,1759,1995,266,26336,417885,,,,
,,KINGS,24846,1510,1438,169,,,,,,
,,NASSAU,21512,890,1372,112,,,,,,
,,BRONX,20543,1241,1807,106,,,,,,
,,SUFFOLK,18692,425,1279,56,,,,,,
,NJ,BERGEN,8928,390,585,45,6331,113523,,,,
,,HUDSON,6411,163,532,31,,,,,,
,,ESSEX,6580,352,511,40,,,,,,
,,UNION,5575,161,372,16,,,,,,
,,PASSAIC,5017,101,327,19,,,,,,
,MA,SUFFOLK,4534,73,493,17,7414,102372,,,,
,,MIDDLESEX,4447,109,402,16,,,,,,
,,ESSEX,2670,80,334,19,,,,,,
,,NORFOLK,2216,66,209,14,,,,,,
,,WORCESTER,1678,38,217,7,,,,,,
,MI,WAYNE,10539,609,446,105,4990,72044,,,,
,,OAKLAND,4511,282,264,36,,,,,,
,,MACOMB,2973,197,190,32,,,,,,
,,GENESEE,828,57,73,9,,,,,,
,,WASHTENAW,659,15,22,0,,,,,,
,PA,PHILADELPHIA,5521,110,492,24,7417,113019,,,,
,,MONTGOMERY,1889,62,196,25,,,,,,
,,DELEWARE,1377,30,155,4,,,,,,
,,LEHIGH,1562,16,96,3,,,,,,
,,BERKS,720,12,104,4,,,,,,
,CA,LOS ANGELES,8384,241,465,21,1363,164863,,,,
,,SAN DIEGO,1695,54,65,14,,,,,,
,,RIVERSIDE,1162,38,79,9,,,,,,
,,SANTA CLARA,1484,50,42,2,,,,,,
,,ORANGE,1138,17,59,0,,,,,,
11-Apr,NY,QUEENS,31044,1848,1290,89,23095,440980,,,,
,,KINGS,26042,1618,1196,108,,,,,,
,,NASSAU,21512,965,0,75,,,,,,
,,BRONX,21523,1308,980,67,,,,,,
,,SUFFOLK,19883,469,1191,44,,,,,,
,NJ,BERGEN,9362,435,434,45,565070,678593,,,,
,,HUDSON,7007,183,596,20,,,,,,
,,ESSEX,6851,412,271,60,,,,,,
,,UNION,5865,195,290,34,,,,,,
,,PASSAIC,5295,119,278,18,,,,,,
,MA,SUFFOLK,4926,81,392,8,6404,108776,,,,
,,MIDDLESEX,4872,137,425,28,,,,,,
,,ESSEX,2896,92,226,12,,,,,,
,,NORFOLK,2395,81,179,15,,,,,,
,,WORCESTER,1822,42,144,4,,,,,,
,MI,WAYNE,10951,652,412,43,3970,76014,,,,
,,OAKLAND,4802,316,291,34,,,,,,
,,MACOMB,3164,209,191,12,,,,,,
,,GENESEE,919,62,91,5,,,,,,
,,WASHTENAW,685,18,26,3,,,,,,
,PA,PHILADELPHIA,6022,130,501,20,7134,120153,,,,
,,MONTGOMERY,2053,68,164,6,,,,,,
,,DELEWARE,1510,39,133,9,,,,,,
,,LEHIGH,1620,16,58,0,,,,,,
,,BERKS,930,19,210,7,,,,,,
,CA,LOS ANGELES,8823,265,439,24,8356,173219,,,,
,,SAN DIEGO,1763,54,68,0,,,,,,
,,RIVERSIDE,1260,38,98,0,,,,,,
,,SANTA CLARA,1566,52,82,2,,,,,,
,,ORANGE,1221,18,83,1,,,,,,
12-Apr,NY,QUEENS,32749,1994,1705,146,20621,461601,,,,
,,KINGS,27462,1746,1420,128,,,,,,
,,NASSAU,22584,1030,1072,65,,,,,,
,,BRONX,22709,1400,1186,92,,,,,,
,,SUFFOLK,20816,529,933,60,,,,,,
,NJ,BERGEN,9784,453,422,18,-551858,126735,,,,
,,HUDSON,7469,226,462,43,,,,,,
,,ESSEX,7410,428,559,16,,,,,,
,,UNION,6180,209,315,14,,,,,,
,,PASSAIC,5590,131,295,12,,,,,,
,MA,SUFFOLK,5359,88,433,7,7954,116730,,,,
,,MIDDLESEX,5660,149,788,12,,,,,,
,,ESSEX,3170,102,274,10,,,,,,
,,NORFOLK,2649,93,254,12,,,,,,
,,WORCESTER,2032,49,210,7,,,,,,
,MI,WAYNE,11164,704,213,52,3423,79437,,,,
,,OAKLAND,4915,329,113,13,,,,,,
,,MACOMB,3254,217,90,8,,,,,,
,,GENESEE,955,68,36,6,,,,,,
,,WASHTENAW,716,18,31,0,,,,,,
,PA,PHILADELPHIA,6352,128,330,-2,4737,124890,,,,
,,MONTGOMERY,2164,68,111,0,,,,,,
,,DELEWARE,1594,39,84,0,,,,,,
,,LEHIGH,1684,18,64,2,,,,,,
,,BERKS,1035,20,105,1,,,,,,
,CA,LOS ANGELES,9133,296,310,31,17109,190328,,,,
,,SAN DIEGO,1806,55,43,1,,,,,,
,,RIVERSIDE,1330,39,70,1,,,,,,
,,SANTA CLARA,1621,54,55,2,,,,,,
,,ORANGE,1277,19,56,1,,,,,,
13-Apr,NY,QUEENS,33468,2105,719,111,16756,478357,,,,
,,KINGS,28035,1869,573,123,,,,,,
,,NASSAU,24358,1109,1774,79,,,,,,
,,BRONX,23352,1512,643,112,,,,,,
,,SUFFOLK,21643,580,827,51,,,,,,
,NJ,BERGEN,10092,482,308,29,2734,129469,,,,
,,HUDSON,7879,236,410,10,,,,,,
,,ESSEX,7634,433,224,5,,,,,,
,,UNION,6636,217,456,8,,,,,,
,,PASSAIC,5950,136,360,5,,,,,,
,MA,SUFFOLK,5579,106,220,18,5319,122049,,,,
,,MIDDLESEX,5983,163,323,14,,,,,,
,,ESSEX,3413,114,243,12,,,,,,
,,NORFOLK,2838,107,189,14,,,,,,
,,WORCESTER,2128,51,96,2,,,,,,
,MI,WAYNE,11648,760,484,56,3207,82644,,,,
,,OAKLAND,5073,347,158,18,,,,,,
,,MACOMB,3418,240,164,23,,,,,,
,,GENESEE,988,77,33,9,,,,,,
,,WASHTENAW,736,18,20,0,,,,,,
,PA,PHILADELPHIA,6810,127,458,-1,4902,129792,,,,
,,MONTGOMERY,2285,91,121,23,,,,,,
,,DELEWARE,1712,40,118,1,,,,,,
,,LEHIGH,1747,19,63,1,,,,,,
,,BERKS,1150,21,115,1,,,,,,
,CA,LOS ANGELES,9367,320,234,24,554,190882,,,,
,,SAN DIEGO,1849,66,43,11,,,,,,
,,RIVERSIDE,1460,50,130,11,,,,,,
,,SANTA CLARA,1666,61,45,7,,,,,,
,,ORANGE,1283,19,6,0,,,,,,
14-Apr,NY,QUEENS,33616,2105,148,0,20786,499143,,,,
,,KINGS,28138,1869,103,0,,,,,,
,,NASSAU,25250,1217,892,108,,,,,,
,,BRONX,23426,1584,74,72,,,,,,
,,SUFFOLK,22462,617,819,37,,,,,,
,NJ,BERGEN,10426,550,334,68,10305,139774,,,,
,,HUDSON,8242,277,363,41,,,,,,
,,ESSEX,8212,535,578,102,,,,,,
,,UNION,7265,238,629,21,,,,,,
,,PASSAIC,6438,156,488,20,,,,,,
,MA,SUFFOLK,5872,120,293,14,4502,126551,,,,
,,MIDDLESEX,6254,188,271,25,,,,,,
,,ESSEX,3594,126,181,12,,,,,,
,,NORFOLK,2969,125,131,18,,,,,,
,,WORCESTER,2246,57,118,6,,,,,,
,MI,WAYNE,12209,820,561,60,3582,86226,,,,
,,OAKLAND,5364,364,291,17,,,,,,
,,MACOMB,3620,293,202,53,,,,,,
,,GENESEE,1030,86,42,9,,,,,,
,,WASHTENAW,772,21,36,3,,,,,,
,PA,PHILADELPHIA,7121,206,311,79,3839,133631,,,,
,,MONTGOMERY,2354,109,69,18,,,,,,
,,DELEWARE,1806,46,94,6,,,,,,
,,LEHIGH,1803,23,56,4,,,,,,
,,BERKS,1247,27,97,6,,,,,,
,CA,LOS ANGELES,9948,360,581,40,11326,202208,,,,
,,SAN DIEGO,1932,67,83,1,,,,,,
,,RIVERSIDE,1467,54,7,4,,,,,,
,,SANTA CLARA,1666,61,0,0,,,,,,
,,ORANGE,1299,19,16,0,,,,,,
15-Apr,NY,QUEENS,36765,2179,3149,74,26869,526012,,,,
,,KINGS,31969,1954,3831,85,,,,,,
,,NASSAU,26715,1286,1465,69,,,,,,
,,BRONX,24587,1749,1161,165,,,,,,
,,SUFFOLK,23278,663,816,46,,,,,,
,NJ,BERGEN,10848,608,422,58,4247,144021,,,,
,,HUDSON,8511,312,269,35,,,,,,
,,ESSEX,8579,590,367,55,,,,,,
,,UNION,7438,269,173,31,,,,,,
,,PASSAIC,6750,182,312,26,,,,,,
,MA,SUFFOLK,6279,147,407,27,5472,132023,,,,
,,MIDDLESEX,6681,221,427,33,,,,,,
,,ESSEX,3894,141,300,15,,,,,,
,,NORFOLK,3122,149,153,24,,,,,,
,,WORCESTER,2350,74,104,17,,,,,,
,MI,WAYNE,12544,884,335,64,3471,89697,,,,
,,OAKLAND,5576,392,212,28,,,,,,
,,MACOMB,3792,330,172,37,,,,,,
,,GENESEE,1084,89,54,3,,,,,,
,,WASHTENAW,798,24,26,3,,,,,,
,PA,PHILADELPHIA,7441,222,320,16,3953,137584,,,,
,,MONTGOMERY,2475,120,121,11,,,,,,
,,DELEWARE,1935,60,129,14,,,,,,
,,LEHIGH,1922,25,119,2,,,,,,
,,BERKS,1335,28,88,1,,,,,,
,CA,LOS ANGELES,10416,402,468,42,14278,216486,,,,
,,SAN DIEGO,2014,67,82,0,,,,,,
,,RIVERSIDE,1723,59,256,5,,,,,,
,,SANTA CLARA,1793,66,127,5,,,,,,
,,ORANGE,1376,22,77,3,,,,,,
16-Apr,NY,QUEENS,37918,2324,1153,145,24567,550579,,,,
,,KINGS,33521,2189,1552,235,,,,,,
,,NASSAU,27772,1356,1057,70,,,,,,
,,BRONX,25638,1802,1051,53,,,,,,
,,SUFFOLK,24182,706,904,43,,,,,,
,NJ,BERGEN,11409,668,561,60,7809,151830,,,,
,,HUDSON,9165,365,654,53,,,,,,
,,ESSEX,6921,642,-1658,52,,,,,,
,,UNION,7904,301,466,32,,,,,,
,,PASSAIC,7317,211,567,29,,,,,,
,MA,SUFFOLK,6820,166,541,19,8750,140773,,,,
,,MIDDLESEX,7206,258,525,37,,,,,,
,,ESSEX,4245,160,351,19,,,,,,
,,NORFOLK,3342,175,220,26,,,,,,
,,WORCESTER,2503,84,153,10,,,,,,
,MI,WAYNE,13002,981,458,97,-4411,85286,"*as of today, MDHHS is comparing death records w/ COVID-19 infection to confirmed cases of COVID-19. If these death records match, the mortality info is updated (why death rates are increased)",,,
,,OAKLAND,5778,420,202,28,,,,,,
,,MACOMB,3992,354,200,24,,,,,,
,,GENESEE,1147,99,63,10,,,,,,
,,WASHTENAW,826,25,28,1,,,,,,
,PA,PHILADELPHIA,7684,264,243,42,3886,141470,,,,
,,MONTGOMERY,2544,128,69,8,,,,,,
,,DELEWARE,1999,71,64,11,,,,,,
,,LEHIGH,1999,28,77,3,,,,,,
,,BERKS,1419,31,84,3,,,,,,
,CA,LOS ANGELES,10786,455,370,53,29914,246400,,,,
,,SAN DIEGO,2089,77,75,10,,,,,,
,,RIVERSIDE,1913,65,190,6,,,,,,
,,SANTA CLARA,1833,70,40,4,,,,,,
,,ORANGE,1425,25,49,3,,,,,,
17-Apr,NY,QUEENS,39091,2402,1173,78,22644,573223,,,,
,,KINGS,34705,2293,1184,104,,,,,,
,,NASSAU,28539,1356,767,0,,,,,,
,,BRONX,27014,1917,1376,115,,,,,,
,,SUFFOLK,25035,706,853,0,,,,,,
,NJ,BERGEN,11863,714,454,46,5619,157449,,,,
,,HUDSON,9636,420,471,55,,,,,,
,,ESSEX,7409,684,488,42,,,,,,
,,UNION,8429,330,525,29,,,,,,
,,PASSAIC,7604,221,287,10,,,,,,
,MA,SUFFOLK,7272,,452,-166,7971,148744,,,,
,,MIDDLESEX,7744,294,538,36,,,,,,
,,ESSEX,4584,178,339,18,,,,,,
,,NORFOLK,3499,195,157,20,,,,,,
,,WORCESTER,2765,118,262,34,,,,,,
,MI,WAYNE,13233,1044,231,63,13673,98959,,,,
,,OAKLAND,5901,442,123,22,,,,,,
,,MACOMB,4145,373,153,19,,,,,,
,,GENESEE,1197,106,50,7,,,,,,
,,WASHTENAW,855,25,29,0,,,,,,
,PA,PHILADELPHIA,8563,298,879,34,5903,147373,,,,
,,MONTGOMERY,2684,128,140,0,,,,,,
,,DELEWARE,2281,74,282,3,,,,,,
,,LEHIGH,2092,29,93,1,,,,,,
,,BERKS,1537,34,118,3,,,,,,
,CA,LOS ANGELES,11354,495,568,40,5214,251614,,,,
,,SAN DIEGO,2160,83,71,6,,,,,,
,,RIVERSIDE,2080,73,167,8,,,,,,
,,SANTA CLARA,1870,74,37,4,,,,,,
,,ORANGE,1501,28,76,3,,,,,,
18-Apr,NY,QUEENS,40216,2543,1125,141,23309,596532,,,,
,,KINGS,35763,2490,1058,197,,,,,,
,,NASSAU,29180,1356,641,0,,,,,,
,,BRONX,28016,1975,1002,58,,,,,,
,,SUFFOLK,26143,706,1108,0,,,,,,
,NJ,BERGEN,12163,741,300,27,5087,162536,,,,
,,HUDSON,9956,434,320,14,,,,,,
,,ESSEX,7749,732,340,48,,,,,,
,,UNION,8959,356,530,26,,,,,,
,,PASSAIC,7936,243,332,22,,,,,,
,MA,SUFFOLK,7696,,424,0,8062,156806,,,,
,,MIDDLESEX,8297,334,553,40,,,,,,
,,ESSEX,4914,193,330,15,,,,,,
,,NORFOLK,3659,215,160,20,,,,,,
,,WORCESTER,2952,129,187,11,,,,,,
,MI,WAYNE,13471,1070,238,26,768,99727,,,,
,,OAKLAND,6021,458,120,16,,,,,,
,,MACOMB,4251,384,106,11,,,,,,
,,GENESEE,1228,112,31,6,,,,,,
,,WASHTENAW,870,29,15,4,,,,,,
,PA,PHILADELPHIA,8563,298,0,0,6592,153965,,,,
,,MONTGOMERY,2781,147,97,19,,,,,,
,,DELEWARE,2372,78,91,4,,,,,,
,,LEHIGH,2141,29,49,0,,,,,,
,,BERKS,1748,40,211,6,,,,,,
,CA,LOS ANGELES,11984,576,630,81,8052,259666,,,,
,,SAN DIEGO,2215,83,55,0,,,,,,
,,RIVERSIDE,2257,78,177,5,,,,,,
,,SANTA CLARA,,,-1870,-74,,,,,,
,,ORANGE,1636,32,135,4,,,,,,
19-Apr,NY,QUEENS,39856,2646,-360,103,21023,617555,,,,
,,KINGS,34476,2606,-1287,116,,,,,,
,,NASSAU,30013,1577,833,221,,,,,,
,,BRONX,28875,2036,859,61,,,,,,
,,SUFFOLK,26888,845,745,139,,,,,,
,NJ,BERGEN,12639,767,476,26,7882,170418,,,,
,,HUDSON,10486,452,530,18,,,,,,
,,ESSEX,8333,740,584,8,,,,,,
,,UNION,9609,372,650,16,,,,,,
,,PASSAIC,8288,250,352,7,,,,,,
,MA,SUFFOLK,8074,,378,0,5435,162241,,,,
,,MIDDLESEX,8737,334,440,0,,,,,,
,,ESSEX,5153,193,239,0,,,,,,
,,NORFOLK,3789,215,130,0,,,,,,
,,WORCESTER,3069,129,117,0,,,,,,
,MI,WAYNE,13692,1119,221,49,9934,109661,,,,
,,OAKLAND,6109,471,88,13,,,,,,
,,MACOMB,4360,391,109,7,,,,,,
,,GENESEE,1240,115,12,3,,,,,,
,,WASHTENAW,870,30,0,1,,,,,,
,PA,PHILADELPHIA,9214,365,651,67,4889,158854,,,,
,,MONTGOMERY,2913,164,132,17,,,,,,
,,DELEWARE,2460,91,88,13,,,,,,
,,LEHIGH,2203,32,62,3,,,,,,
,,BERKS,1898,65,150,25,,,,,,
,CA,LOS ANGELES,12299,600,315,24,21234,280900,,,,
,,SAN DIEGO,2270,83,55,0,,,,,,
,,RIVERSIDE,2316,83,59,5,,,,,,
,,SANTA CLARA,1878,79,1878,79,,,,,,
,,ORANGE,1591,32,-45,0,,,,,,
20-Apr,NY,QUEENS,42023,2665,2167,19,16306,633861,,,,
,,KINGS,37030,2974,2554,368,,,,,,
,,NASSAU,30677,1638,664,61,,,,,,
,,BRONX,29372,1971,497,-65,,,,,,
,,SUFFOLK,27662,887,774,42,,,,,,
,NJ,BERGEN,13011,787,372,20,7639,178057,,,,
,,HUDSON,11150,492,664,40,,,,,,
,,ESSEX,10729,751,2396,11,,,,,,
,,UNION,9972,387,363,15,,,,,,
,,PASSAIC,8479,263,191,13,,,,,,
,MA,SUFFOLK,8314,263,240,263,7157,169398,,,,
,,MIDDLESEX,9253,402,516,68,,,,,,
,,ESSEX,5296,225,143,32,,,,,,
,,NORFOLK,3960,263,171,48,,,,,,
,,WORCESTER,3179,117,110,-12,,,,,,
,MI,WAYNE,13912,1148,220,29,4137,113798,,,,
,,OAKLAND,6178,479,69,8,,,,,,
,,MACOMB,4425,403,65,12,,,,,,
,,GENESEE,1256,123,16,8,,,,,,
,,WASHTENAW,878,31,8,1,,,,,,
,PA,PHILADELPHIA,,,,,4098,162952,,,,
,,MONTGOMERY,3040,184,127,20,,,,,,
,,DELEWARE,2484,99,24,8,,,,,,
,,LEHIGH,2245,33,42,1,,,,,,
,,BERKS,1945,74,47,9,,,,,,
,CA,LOS ANGELES,13787,617,1488,17,9600,290500,,,,
,,SAN DIEGO,2327,102,57,19,,,,,,
,,RIVERSIDE,2477,89,161,6,,,,,,
,,SANTA CLARA,1920,83,42,4,,,,,,
,,ORANGE,1679,33,88,1,,,,,,
21-Apr,NY,QUEENS,42822,2741,799,76,15464,649325,,,,
,,KINGS,37694,3057,664,83,,,,,,
,,NASSAU,31079,1717,402,79,,,,,,
,,BRONX,29989,2028,617,57,,,,,,
,,SUFFOLK,28154,918,492,31,,,,,,
,NJ,BERGEN,13356,835,345,48,6769,184826,,,,
,,HUDSON,11636,525,486,33,,,,,,
,,ESSEX,11128,849,399,98,,,,,,
,,UNION,10289,427,317,40,,,,,,
,,PASSAIC,8941,294,462,31,,,,,,
,MA,SUFFOLK,8669,285,355,22,5974,175372,,,,
,,MIDDLESEX,9621,428,368,26,,,,,,
,,ESSEX,5521,245,225,20,,,,,,
,,NORFOLK,4062,290,102,27,,,,,,
,,WORCESTER,3341,133,162,16,,,,,,
,MI,WAYNE,14255,1278,343,130,,,,,,
,,OAKLAND,6306,506,128,27,,,,,,
,,MACOMB,4544,445,119,42,,,,,,
,,GENESEE,1298,131,42,8,,,,,,
,,WASHTENAW,900,38,22,7,,,,,,
,PA,PHILADELPHIA,9391,363,9391,363,3899,166851,,,,
,,MONTGOMERY,3154,223,114,39,,,,,,
,,DELEWARE,2654,118,170,19,,,,,,
,,LEHIGH,2295,49,50,16,,,,,,
,,BERKS,1988,82,43,8,,,,,,
,CA,LOS ANGELES,15096,663,1309,46,18200,308700,,,,
,,SAN DIEGO,2436,109,109,7,,,,,,
,,RIVERSIDE,2631,96,154,7,,,,,,
,,SANTA CLARA,1943,88,23,5,,,,,,
,,ORANGE,1717,33,38,0,,,,,,
22-Apr,NY,QUEENS,43713,2832,891,91,20657,669982,,,,
,,KINGS,38481,3149,787,92,,,,,,
,,NASSAU,31555,1764,476,47,,,,,,
,,BRONX,30868,2083,879,55,,,,,,
,,SUFFOLK,28854,959,700,41,,,,,,
,NJ,BERGEN,13686,876,330,41,6833,191659,,,,
,,HUDSON,12039,568,403,43,,,,,,
,,ESSEX,11387,888,259,39,,,,,,
,,UNION,10484,481,195,54,,,,,,
,,PASSAIC,9392,327,451,33,,,,,,
,MA,SUFFOLK,9060,318,391,33,5090,180462,,,,
,,MIDDLESEX,10094,494,473,66,,,,,,
,,ESSEX,5783,271,262,26,,,,,,
,,NORFOLK,4212,312,150,22,,,,,,
,,WORCESTER,3456,143,115,10,,,,,,
,MI,WAYNE,,,,,,,,,,
,,OAKLAND,6463,529,157,23,,,,,,
,,MACOMB,4628,473,84,28,,,,,,
,,GENESEE,1362,138,64,7,,,,,,
,,WASHTENAW,912,40,12,2,,,,,,
,PA,PHILADELPHIA,9696,365,305,2,5105,171956,,,,
,,MONTGOMERY,3294,230,140,7,,,,,,
,,DELEWARE,2757,123,103,5,,,,,,
,,LEHIGH,2374,49,79,0,,,,,,
,,BERKS,2069,85,81,3,,,,,,
,CA,LOS ANGELES,16400,729,1304,66,173397,482097,,,,
,,SAN DIEGO,2493,112,57,3,,,,,,
,,RIVERSIDE,2822,109,191,13,,,,,,
,,SANTA CLARA,1969,94,26,6,,,,,,
,,ORANGE,1785,34,68,1,,,,,,
23-Apr,NY,QUEENS,44904,2893,1191,61,25938,695920,,,,
,,KINGS,39354,3227,873,78,,,,,,
,,NASSAU,32124,1813,569,49,,,,,,
,,BRONX,31659,2145,791,62,,,,,,
,,SUFFOLK,29567,994,713,35,,,,,,
,NJ,BERGEN,14049,907,363,31,8489,200148,,,,
,,HUDSON,12645,606,606,38,,,,,,
,,ESSEX,11811,932,424,44,,,,,,
,,UNION,10935,515,451,34,,,,,,
,,PASSAIC,9874,350,482,23,,,,,,
,MA,SUFFOLK,9739,346,679,28,14614,195076,,,,
,,MIDDLESEX,10724,545,630,51,,,,,,
,,ESSEX,6219,292,436,21,,,,,,
,,NORFOLK,4541,335,329,23,,,,,,
,,WORCESTER,3798,155,342,12,,,,,,
,MI,WAYNE,14561,1319,14561,1319,128321,128321,,,,
,,OAKLAND,6634,567,171,38,,,,,,
,,MACOMB,4862,493,234,20,,,,,,
,,GENESEE,1387,144,25,6,,,,,,
,,WASHTENAW,960,42,48,2,,,,,,
,PA,PHILADELPHIA,10090,,394,-365,7158,179114,,,,
,,MONTGOMERY,3395,,101,-230,,,,,,
,,DELEWARE,2902,,145,-123,,,,,,
,,LEHIGH,2418,,44,-49,,,,,,
,,BERKS,2212,,143,-85,,,,,,
,CA,LOS ANGELES,17548,797,1148,68,12076,494173,,,,
,,SAN DIEGO,2645,112,152,0,,,,,,
,,RIVERSIDE,2935,110,113,1,,,,,,
,,SANTA CLARA,1996,95,27,1,,,,,,
,,ORANGE,1841,36,56,2,,,,,,
24-Apr,NY,QUEENS,46387,2955,1483,62,34736,730656,,,,
,,KINGS,40648,3315,1294,88,,,,,,
,,NASSAU,32765,1867,641,54,,,,,,
,,BRONX,32701,2194,1042,49,,,,,,
,,SUFFOLK,30606,1035,1039,41,,,,,,
,NJ,BERGEN,14363,934,314,27,5814,205962,,,,
,,HUDSON,13011,640,366,34,,,,,,
,,ESSEX,12110,975,299,43,,,,,,
,,UNION,11208,542,273,27,,,,,,
,,PASSAIC,10291,383,417,33,,,,,,
,MA,SUFFOLK,10724,372,985,26,20137,215213,,,,
,,MIDDLESEX,11681,585,957,40,,,,,,
,,ESSEX,6841,319,622,27,,,,,,
,,NORFOLK,4979,368,438,33,,,,,,
,,WORCESTER,4227,166,429,11,,,,,,
,MI,WAYNE,15407,1443,846,124,7975,136296,,,,
,,OAKLAND,6804,585,170,18,,,,,,
,,MACOMB,5022,504,160,11,,,,,,
,,GENESEE,1434,151,47,7,,,,,,
,,WASHTENAW,974,47,14,5,,,,,,
,PA,PHILADELPHIA,10507,,417,0,7029,186143,,,,
,,MONTGOMERY,3525,,130,0,,,,,,
,,DELEWARE,3055,,153,0,,,,,,
,,LEHIGH,2478,,60,0,,,,,,
,,BERKS,2339,,127,0,,,,,,
,CA,LOS ANGELES,18553,848,1005,51,11862,506035,,,,
,,SAN DIEGO,2828,119,183,7,,,,,,
,,RIVERSIDE,3044,118,109,8,,,,,,
,,SANTA CLARA,2026,98,30,3,,,,,,
,,ORANGE,1945,39,104,3,,,,,,
25-Apr,NY,QUEENS,47861,3003,1474,48,46912,777568,,,,
,,KINGS,41660,3400,1012,85,,,,,,
,,NASSAU,33798,1917,1033,50,,,,,,
,,BRONX,34183,2242,1482,48,,,,,,
,,SUFFOLK,31368,1085,762,50,,,,,,
,NJ,BERGEN,14738,954,375,20,7724,213686,,,,
,,HUDSON,13367,655,356,15,,,,,,
,,ESSEX,12520,1019,410,44,,,,,,
,,UNION,11523,563,315,21,,,,,,
,,PASSAIC,10738,416,447,33,,,,,,
,MA,SUFFOLK,11218,391,494,19,11632,226845,,,,
,,MIDDLESEX,12253,629,572,44,,,,,,
,,ESSEX,7212,336,371,17,,,,,,
,,NORFOLK,5172,400,193,32,,,,,,
,,WORCESTER,4460,183,233,17,,,,,,
,MI,WAYNE,15548,1560,141,117,7748,144044,,,,
,,OAKLAND,6881,612,77,27,,,,,,
,,MACOMB,5139,517,117,13,,,,,,
,,GENESEE,1452,157,18,6,,,,,,
,,WASHTENAW,1002,50,28,3,,,,,,
,PA,PHILADELPHIA,10893,466,386,466,6792,192935,,,,
,,MONTGOMERY,3627,214,102,214,,,,,,
,,DELEWARE,3161,142,106,142,,,,,,
,,LEHIGH,2551,50,73,50,,,,,,
,,BERKS,2406,21,67,21,,,,,,
,CA,LOS ANGELES,19144,895,591,47,20049,526084,,,,
,,SAN DIEGO,2945,119,117,0,,,,,,
,,RIVERSIDE,3037,118,,0,,,,,,
,,SANTA CLARA,2045,99,19,1,,,,,,
,,ORANGE,2047,39,102,0,,,,,,
26-Apr,NY,QUEENS,48745,3056,884,53,27782,805350,,,,
,,KINGS,42487,3473,827,73,,,,,,
,,NASSAU,34522,1962,724,45,,,,,,
,,BRONX,34970,2278,787,36,,,,,,
,,SUFFOLK,32059,1115,691,30,,,,,,
,NJ,BERGEN,14965,955,227,1,9458,223144,,,,
,,HUDSON,13708,661,341,6,,,,,,
,,ESSEX,12863,1023,343,4,,,,,,
,,UNION,11853,571,330,8,,,,,,
,,PASSAIC,11137,426,399,10,,,,,,
,MA,SUFFOLK,11543,424,325,33,9255,236100,,,,
,,MIDDLESEX,12648,670,395,41,,,,,,
,,ESSEX,7489,350,277,14,,,,,,
,,NORFOLK,5288,418,116,18,,,,,,
,,WORCESTER,4572,206,112,23,,,,,,
,MI,WAYNE,15748,1580,200,20,6962,151006,,,,
,,OAKLAND,6928,620,47,8,,,,,,
,,MACOMB,5203,520,64,3,,,,,,
,,GENESEE,1467,161,15,4,,,,,,
,,WASHTENAW,1001,50,,0,,,,,,
,PA,PHILADELPHIA,11152,472,259,6,5658,198593,,,,
,,MONTGOMERY,3733,217,106,3,,,,,,
,,DELEWARE,3281,143,120,1,,,,,,
,,LEHIGH,2601,51,50,1,,,,,,
,,BERKS,2491,88,85,67,,,,,,
,CA,LOS ANGELES,19570,913,426,18,27425,553509,,,,
,,SAN DIEGO,3045,123,100,4,,,,,,
,,RIVERSIDE,3301,131,264,13,,,,,,
,,SANTA CLARA,2097,102,52,3,,,,,,
,,ORANGE,2124,40,77,1,,,,,,
27-Apr,NY,QUEENS,49399,3105,654,49,20745,826095,,,,
,,KINGS,43014,3538,527,65,,,,,,
,,NASSAU,34865,2003,343,41,,,,,,
,,BRONX,35556,2325,586,47,,,,,,
,,SUFFOLK,32470,1147,411,32,,,,,,
,NJ,BERGEN,15104,960,139,5,4631,227775,,,,
,,HUDSON,13925,673,217,12,,,,,,
,,ESSEX,13047,1028,184,5,,,,,,
,,UNION,12011,583,158,12,,,,,,
,,PASSAIC,11349,438,212,12,,,,,,
,MA,SUFFOLK,11883,448,340,24,8787,244887,,,,
,,MIDDLESEX,12953,700,305,30,,,,,,
,,ESSEX,7708,359,219,9,,,,,,
,,NORFOLK,5398,429,110,11,,,,,,
,,WORCESTER,4744,215,172,9,,,,,,
,MI,WAYNE,15872,1622,124,42,6754,157760,,,,
,,OAKLAND,6913,631,,11,,,,,,
,,MACOMB,5245,527,42,7,,,,,,
,,GENESEE,1483,165,16,4,,,,,,
,,WASHTENAW,1004,55,3,5,,,,,,
,PA,PHILADELPHIA,11361,484,209,12,4829,203422,,,,
,,MONTGOMERY,3817,232,84,15,,,,,,
,,DELEWARE,3361,145,80,2,,,,,,
,,LEHIGH,2636,56,35,5,,,,,,
,,BERKS,2526,89,35,1,,,,,,
,CA,LOS ANGELES,20456,942,886,29,24099,577608,,,,
,,SAN DIEGO,3143,128,98,5,,,,,,
,,RIVERSIDE,3381,138,80,7,,,,,,
,,SANTA CLARA,2104,105,7,3,,,,,,
,,ORANGE,2198,42,74,2,,,,,,
28-Apr,NY,QUEENS,49929,3153,530,48,18899,844994,,,,
,,KINGS,43587,3598,573,60,,,,,,
,,NASSAU,35085,2039,220,36,,,,,,
,,BRONX,35994,2367,438,42,,,,,,
,,SUFFOLK,32724,1179,254,32,,,,,,
,NJ,BERGEN,15251,1002,147,42,6584,234359,,,,
,,HUDSON,14309,722,384,49,,,,,,
,,ESSEX,13190,1090,143,62,,,,,,
,,UNION,12188,627,177,44,,,,,,
,,PASSAIC,11755,475,406,37,,,,,,
,MA,SUFFOLK,12140,469,257,21,9613,254500,,,,
,,MIDDLESEX,13417,731,464,31,,,,,,
,,ESSEX,7972,383,264,24,,,,,,
,,NORFOLK,5567,448,169,19,,,,,,
,,WORCESTER,4999,229,255,14,,,,,,
,MI,WAYNE,16173,1682,301,60,7045,164805,,,,
,,OAKLAND,7012,654,99,23,,,,,,
,,MACOMB,5339,572,94,45,,,,,,
,,GENESEE,1533,174,50,9,,,,,,
,,WASHTENAW,1033,56,29,1,,,,,,
,PA,PHILADELPHIA,11604,516,243,32,5666,209088,,,,
,,MONTGOMERY,4043,249,226,17,,,,,,
,,DELEWARE,3463,164,102,19,,,,,,
,,LEHIGH,2685,64,49,8,,,,,,
,,BERKS,2605,91,79,2,,,,,,
,CA,LOS ANGELES,21029,1000,573,58,25531,603139,,,,
,,SAN DIEGO,3316,133,173,5,,,,,,
,,RIVERSIDE,3504,142,123,4,,,,,,
,,SANTA CLARA,2130,106,26,1,,,,,,
,,ORANGE,2324,42,126,0,,,,,,
29-Apr,NY,QUEENS,50741,3244,812,91,27487,872481,,,,
,,KINGS,44236,3667,649,69,,,,,,
,,NASSAU,35505,2077,420,38,,,,,,
,,BRONX,36600,2413,606,46,,,,,,
,,SUFFOLK,33265,1205,541,26,,,,,,
,NJ,BERGEN,15446,1057,195,55,6959,241318,,,,
,,HUDSON,14596,758,287,36,,,,,,
,,ESSEX,13445,1139,255,49,,,,,,
,,UNION,12380,653,192,26,,,,,,
,,PASSAIC,12185,516,430,41,,,,,,
,MA,SUFFOLK,12539,504,399,35,11118,265618,,,,
,,MIDDLESEX,13799,802,382,71,,,,,,
,,ESSEX,8380,425,408,42,,,,,,
,,NORFOLK,5700,484,133,36,,,,,,
,,WORCESTER,5300,253,301,24,,,,,,
,MI,WAYNE,16494,1727,321,45,7547,172352,,,,
,,OAKLAND,7159,668,147,14,,,,,,
,,MACOMB,5430,597,91,25,,,,,,
,,GENESEE,1564,180,31,6,,,,,,
,,WASHTENAW,1049,59,16,3,,,,,,
,PA,PHILADELPHIA,11885,516,281,0,5795,214883,,,,
,,MONTGOMERY,4177,329,134,80,,,,,,
,,DELEWARE,3619,224,156,60,,,,,,
,,LEHIGH,2719,72,34,8,,,,,,
,,BERKS,2637,116,32,25,,,,,,
,CA,LOS ANGELES,22560,1056,1531,56,22198,625337,,,,
,,SAN DIEGO,3434,140,118,7,,,,,,
,,RIVERSIDE,3700,149,196,7,,,,,,
,,SANTA CLARA,2146,108,16,2,,,,,,
,,ORANGE,2421,44,97,2,,,,,,
30-Apr,NY,QUEENS,51631,3283,890,39,28155,900636,,,,
,,KINGS,44872,3714,636,47,,,,,,
,,NASSAU,35854,2111,349,34,,,,,,
,,BRONX,37244,2459,644,46,,,,,,
,,SUFFOLK,33664,1228,399,23,,,,,,
,NJ,BERGEN,15610,1136,164,79,6600,247918,,,,
,,HUDSON,14916,798,320,40,,,,,,
,,ESSEX,13682,1186,237,47,,,,,,
,,UNION,12578,690,198,37,,,,,,
,,PASSAIC,12449,573,264,57,,,,,,
,MA,SUFFOLK,12890,524,351,20,10029,275647,,,,
,,MIDDLESEX,14208,845,409,43,,,,,,
,,ESSEX,8673,448,293,23,,,,,,
,,NORFOLK,5896,499,196,15,,,,,,
,,WORCESTER,5550,265,250,12,,,,,,
,MI,WAYNE,16729,1782,235,55,7915,180267,,,,
,,OAKLAND,7267,696,108,28,,,,,,
,,MACOMB,5513,603,83,6,,,,,,
,,GENESEE,1581,188,17,8,,,,,,
,,WASHTENAW,1075,61,26,2,,,,,,
,PA,PHILADELPHIA,12297,607,412,91,6482,221365,,,,
,,MONTGOMERY,4307,351,130,22,,,,,,
,,DELEWARE,3696,235,77,11,,,,,,
,,LEHIGH,2796,74,77,2,,,,,,
,,BERKS,2698,117,61,1,,,,,,
,CA,LOS ANGELES,23284,1111,724,55,29648,654985,,,,
,,SAN DIEGO,3566,143,132,3,,,,,,
,,RIVERSIDE,3820,156,120,7,,,,,,
,,SANTA CLARA,2172,111,26,3,,,,,,
,,ORANGE,2591,46,170,2,,,,,,
1-May,NY,QUEENS,52274,3328,643,45,26802,927438,,,,
,,KINGS,45519,3764,647,50,,,,,,
,,NASSAU,36161,2140,307,29,,,,,,
,,BRONX,37785,2489,541,30,,,,,,
,,SUFFOLK,34037,1252,373,24,,,,,,
,NJ,BERGEN,15830,1187,220,51,8627,256545,,,,
,,HUDSON,15148,819,232,21,,,,,,
,,ESSEX,13994,1240,312,54,,,,,,
,,UNION,12779,714,201,24,,,,,,
,,PASSAIC,12814,599,365,26,,,,,,
,MA,SUFFOLK,13295,550,405,26,13989,289636,,,,
,,MIDDLESEX,14607,885,399,40,,,,,,
,,ESSEX,9028,460,355,12,,,,,,
,,NORFOLK,6065,522,169,23,,,,,,
,,WORCESTER,5787,278,237,13,,,,,,
,MI,WAYNE,16970,1802,241,20,10238,190505,,,,
,,OAKLAND,7423,705,156,9,,,,,,
,,MACOMB,5623,614,110,11,,,,,,
,,GENESEE,1600,192,19,4,,,,,,
,,WASHTENAW,1091,66,16,5,,,,,,
,PA,PHILADELPHIA,12544,638,247,31,6083,227448,,,,
,,MONTGOMERY,4406,362,99,11,,,,,,
,,DELEWARE,3848,240,152,5,,,,,,
,,LEHIGH,2850,80,54,6,,,,,,
,,BERKS,2748,117,50,0,,,,,,
,CA,LOS ANGELES,24306,1172,1022,61,30063,685048,,,,
,,SAN DIEGO,3713,150,147,7,,,,,,
,,RIVERSIDE,3893,167,73,11,,,,,,
,,SANTA CLARA,2176,113,4,2,,,,,,
,,ORANGE,2660,51,69,5,,,,,,
2-May,NY,QUEENS,53039,3377,765,49,31579,959017,,,,
,,KINGS,46275,3820,756,56,,,,,,
,,NASSAU,36519,2167,358,27,,,,,,
,,BRONX,38450,2534,665,45,,,,,,
,,SUFFOLK,34478,1277,441,25,,,,,,
,NJ,BERGEN,15974,1202,144,15,5767,262312,,,,
,,HUDSON,15401,834,253,15,,,,,,
,,ESSEX,14248,1265,254,25,,,,,,
,,UNION,12996,731,217,17,,,,,,
,,PASSAIC,13082,624,268,25,,,,,,
,MA,SUFFOLK,13606,569,311,19,9358,298994,,,,
,,MIDDLESEX,15048,923,441,38,,,,,,
,,ESSEX,9362,484,334,24,,,,,,
,,NORFOLK,6187,535,122,13,,,,,,
,,WORCESTER,6129,292,342,14,,,,,,
,MI,WAYNE,17106,1884,136,82,11204,201709,,,,
,,OAKLAND,7475,745,52,40,,,,,,
,,MACOMB,5666,625,43,11,,,,,,
,,GENESEE,1620,196,20,4,,,,,,
,,WASHTENAW,1101,70,10,4,,,,,,
,PA,PHILADELPHIA,12948,705,404,67,7928,235376,,,,
,,MONTGOMERY,4487,369,81,7,,,,,,
,,DELEWARE,3999,255,151,15,,,,,,
,,LEHIGH,2896,83,46,3,,,,,,
,,BERKS,2810,118,62,1,,,,,,
,CA,LOS ANGELES,24955,1209,649,37,30703,715751,,,,
,,SAN DIEGO,3844,150,131,0,,,,,,
,,RIVERSIDE,3997,167,104,0,,,,,,
,,SANTA CLARA,2203,115,27,2,,,,,,
,,ORANGE,2774,52,114,1,,,,,,
3-May,NY,QUEENS,53640,3424,601,47,26894,985911,,,,
,,KINGS,46839,3864,564,44,,,,,,
,,NASSAU,36780,2194,261,27,,,,,,
,,BRONX,38916,2563,466,29,,,,,,
,,SUFFOLK,34855,1309,377,32,,,,,,
,NJ,BERGEN,16185,1210,211,8,12754,275066,,,,
,,HUDSON,15769,845,368,11,,,,,,
,,ESSEX,14521,1282,273,17,,,,,,
,,UNION,13225,738,229,7,,,,,,
,,PASSAIC,13364,632,282,8,,,,,,
,MA,SUFFOLK,13777,588,171,19,15652,314646,,,,
,,MIDDLESEX,15370,972,322,49,,,,,,
,,ESSEX,9542,499,180,15,,,,,,
,,NORFOLK,6280,550,93,15,,,,,,
,,WORCESTER,6288,312,159,20,,,,,,
,MI,WAYNE,17298,1893,192,9,10823,212532,,,,
,,OAKLAND,7518,757,43,12,,,,,,
,,MACOMB,5756,628,90,3,,,,,,
,,GENESEE,1634,196,14,0,,,,,,
,,WASHTENAW,1113,71,12,1,,,,,,
,PA,PHILADELPHIA,13179,727,231,22,5265,240641,,,,
,,MONTGOMERY,4552,381,65,12,,,,,,
,,DELEWARE,4113,255,114,0,,,,,,
,,LEHIGH,2924,83,28,0,,,,,,
,,BERKS,2886,118,76,0,,,,,,
,CA,LOS ANGELES,25708,1229,753,20,32123,747874,,,,
,,SAN DIEGO,3929,150,85,0,,,,,,
,,RIVERSIDE,4034,176,37,9,,,,,,
,,SANTA CLARA,2235,116,32,1,,,,,,
,,ORANGE,2859,55,85,3,,,,,,
4-May,NY,QUEENS,54090,3458,450,34,21399,1007310,,,,
,,KINGS,47183,3895,344,31,,,,,,
,,NASSAU,36965,2221,185,27,,,,,,
,,BRONX,39223,2604,307,41,,,,,,
,,SUFFOLK,35077,1325,222,16,,,,,,
,NJ,BERGEN,16282,1215,97,5,2154,277220,,,,
,,HUDSON,15881,845,112,0,,,,,,
,,ESSEX,14621,1292,100,10,,,,,,
,,UNION,13357,737,132,-1,,,,,,
,,PASSAIC,13496,633,132,1,,,,,,
,MA,SUFFOLK,13941,596,164,8,9622,324268,,,,
,,MIDDLESEX,15757,997,387,25,,,,,,
,,ESSEX,9773,512,231,13,,,,,,
,,NORFOLK,6382,555,102,5,,,,,,
,,WORCESTER,6471,320,183,8,,,,,,
,MI,WAYNE,17314,1924,16,31,9857,222389,,,,
,,OAKLAND,7499,762,-19,5,,,,,,
,,MACOMB,5736,643,-20,15,,,,,,
,,GENESEE,1647,199,13,3,,,,,,
,,WASHTENAW,1118,76,5,5,,,,,,
,PA,PHILADELPHIA,16040,726,2861,-1,4949,245590,,,,
,,MONTGOMERY,4645,382,93,1,,,,,,
,,DELEWARE,4256,258,143,3,,,,,,
,,LEHIGH,2963,83,39,0,,,,,,
,,BERKS,2948,118,62,0,,,,,,
,CA,LOS ANGELES,26243,1256,535,27,32028,779902,,,,
,,SAN DIEGO,4022,162,93,12,,,,,,
,,RIVERSIDE,4221,184,187,8,,,,,,
,,SANTA CLARA,2238,119,3,3,,,,,,
,,ORANGE,2931,57,72,2,,,,,,
5-May,NY,QUEENS,54448,3476,358,18,21589,1028899,,,,
,,KINGS,47579,3933,396,38,,,,,,
,,NASSAU,37152,2250,187,29,,,,,,
,,BRONX,39476,2627,253,23,,,,,,
,,SUFFOLK,35275,1347,198,22,,,,,,
,NJ,BERGEN,16460,1261,178,46,10403,287623,,,,
,,HUDSON,16099,870,218,25,,,,,,
,,ESSEX,14840,1319,219,27,,,,,,
,,UNION,13503,768,146,31,,,,,,
,,PASSAIC,13797,663,301,30,,,,,,
,MA,SUFFOLK,14173,609,232,13,9081,333349,,,,
,,MIDDLESEX,15980,1028,223,31,,,,,,
,,ESSEX,9979,527,206,15,,,,,,
,,NORFOLK,6466,575,84,20,,,,,,
,,WORCESTER,6597,331,126,11,,,,,,
,MI,WAYNE,17391,1945,77,21,447,222836,,,,
,,OAKLAND,7522,772,23,10,,,,,,
,,MACOMB,5789,647,53,4,,,,,,
,,GENESEE,1668,200,21,1,,,,,,
,,WASHTENAW,1123,76,5,0,,,,,,
,PA,PHILADELPHIA,16410,743,370,17,5292,250882,,,,
,,MONTGOMERY,4687,443,42,61,,,,,,
,,DELEWARE,4326,320,70,62,,,,,,
,,LEHIGH,2999,94,36,11,,,,,,
,,BERKS,3004,147,56,29,,,,,,
,CA,LOS ANGELES,27815,,1572,,,779902,,,,
,,SAN DIEGO,4083,,61,,,,,,,
,,RIVERSIDE,4354,,133,,,,,,,
,,SANTA CLARA,2255,,17,,,,,,,
,,ORANGE,2931,,0,,,,,,,
6-May,NY,QUEENS,,,,,27022,1055921,,,,
,,KINGS,,,,,,,,,,
,,NASSAU,37350,2325,198,,,,,,,
,,BRONX,39878,,402,,,,,,,
,,SUFFOLK,35543,1347,268,0,,,,,,
,NJ,BERGEN,16520,1289,60,28,1297,288920,,,,
,,HUDSON,16197,903,98,33,,,,,,
,,ESSEX,14951,1349,111,30,,,,,,
,,UNION,13604,800,101,32,,,,,,
,,PASSAIC,13971,690,174,27,,,,,,
,MA,SUFFOLK,14476,,303,,6290,339639,,,,
,,MIDDLESEX,16327,,347,,,,,,,
,,ESSEX,10344,,365,,,,,,,
,,NORFOLK,6610,,144,,,,,,,
,,WORCESTER,6992,,395,,,,,,,
,MI,WAYNE,17571,1973,180,28,10395,233231,,,,
,,OAKLAND,7573,774,51,2,,,,,,
,,MACOMB,5832,662,43,15,,,,,,
,,GENESEE,1710,208,42,8,,,,,,
,,WASHTENAW,1129,77,6,1,,,,,,
,PA,PHILADELPHIA,,803,,,5458,256340,,,,
,,MONTGOMERY,4827,471,140,,,,,,,
,,DELEWARE,4430,326,104,,,,,,,
,,LEHIGH,3063,102,64,,,,,,,
,,BERKS,3048,148,44,,,,,,,
,CA,LOS ANGELES,28687,1367,872,1367,62972,842874,,,,
,,SAN DIEGO,4321,186,238,186,,,,,,
,,RIVERSIDE,4535,194,181,194,,,,,,
,,SANTA CLARA,2270,126,15,126,,,,,,
,,ORANGE,3156,65,225,65,,,,,,
7-May,NY,QUEENS,55450,3622,55450,3622,33995,1089916,,,,
,,KINGS,48550,3977,48550,3977,,,,,,
,,NASSAU,37593,2340,243,15,,,,,,
,,BRONX,40181,2678,303,2678,,,,,,
,,SUFFOLK,35892,1599,349,252,,,,,,
,NJ,BERGEN,16609,1319,89,30,3738,292658,,,,
,,HUDSON,16354,923,157,20,,,,,,
,,ESSEX,15095,1381,144,32,,,,,,
,,UNION,13781,829,177,29,,,,,,
,,PASSAIC,14133,703,162,13,,,,,,
,MA,SUFFOLK,14732,663,256,663,11993,351632,,,,
,,MIDDLESEX,16676,1103,349,1103,,,,,,
,,ESSEX,10610,578,266,578,,,,,,
,,NORFOLK,6729,608,119,608,,,,,,
,,WORCESTER,7197,385,205,385,,,,,,
,MI,WAYNE,17667,2012,96,39,13831,247062,,,,
,,OAKLAND,7624,789,51,15,,,,,,
,,MACOMB,5876,678,44,16,,,,,,
,,GENESEE,1731,213,21,5,,,,,,
,,WASHTENAW,1140,77,11,0,,,,,,
,PA,PHILADELPHIA,14006,816,14006,13,6448,262788,,,,
,,MONTGOMERY,4915,506,88,35,,,,,,
,,DELEWARE,4497,376,67,50,,,,,,
,,LEHIGH,3102,111,39,9,,,,,,
,,BERKS,3095,168,47,20,,,,,,
,CA,LOS ANGELES,29544,1418,857,51,32398,875272,,,,
,,SAN DIEGO,4431,189,110,3,,,,,,
,,RIVERSIDE,4608,203,73,9,,,,,,
,,SANTA CLARA,2281,127,11,1,,,,,,
,,ORANGE,3283,66,127,1,,,,,,
8-May,NY,QUEENS,55944,3659,494,37,31627,1121543,,,,
,,KINGS,48998,4012,448,35,,,,,,
,,NASSAU,37812,2362,219,22,,,,,,
,,BRONX,40533,2702,352,24,,,,,,
,,SUFFOLK,36223,1616,331,17,,,,,,
,NJ,BERGEN,16709,1329,100,10,6101,298759,,,,
,,HUDSON,16520,940,166,17,,,,,,
,,ESSEX,15256,1398,161,17,,,,,,
,,UNION,13917,844,136,15,,,,,,
,,PASSAIC,14280,715,147,12,,,,,,
,MA,SUFFOLK,14944,683,212,20,14400,366032,,,,
,,MIDDLESEX,17014,1132,338,29,,,,,,
,,ESSEX,10995,601,385,23,,,,,,
,,NORFOLK,7801,623,1072,15,,,,,,
,,WORCESTER,7410,404,213,19,,,,,,
,MI,WAYNE,17824,2028,157,16,13191,260253,,,,
,,OAKLAND,7664,805,40,16,,,,,,
,,MACOMB,5963,682,87,4,,,,,,
,,GENESEE,1739,214,8,1,,,,,,
,,WASHTENAW,1160,80,20,3,,,,,,
,PA,PHILADELPHIA,14384,875,378,59,7771,270559,,,,
,,MONTGOMERY,5037,515,122,9,,,,,,
,,DELEWARE,4680,382,183,6,,,,,,
,,LEHIGH,3140,114,38,3,,,,,,
,,BERKS,3190,168,95,0,,,,,,
,CA,LOS ANGELES,30357,1468,813,50,37298,912570,,,,
,,SAN DIEGO,4664,194,233,5,,,,,,
,,RIVERSIDE,4672,210,64,7,,,,,,
,,SANTA CLARA,2285,130,4,3,,,,,,
,,ORANGE,3395,72,112,6,,,,,,
9-May,NY,QUEENS,56493,3680,549,21,32225,1153768,,,,
,,KINGS,49461,4049,463,37,,,,,,
,,NASSAU,38028,2388,216,26,,,,,,
,,BRONX,40804,2723,271,21,,,,,,
,,SUFFOLK,36461,1647,238,31,,,,,,
,NJ,BERGEN,16804,1348,95,19,6447,305206,,,,
,,HUDSON,16675,954,155,14,,,,,,
,,ESSEX,15365,1414,109,16,,,,,,
,,UNION,12984,852,-933,8,,,,,,
,,PASSAIC,14428,734,148,19,,,,,,
,MA,SUFFOLK,15119,703,175,20,10505,376537,,,,
,,MIDDLESEX,17307,1169,293,37,,,,,,
,,ESSEX,11211,625,216,24,,,,,,
,,NORFOLK,6887,635,-914,12,,,,,,
,,WORCESTER,7611,420,201,16,,,,,,
,MI,WAYNE,17960,2082,136,54,13233,273486,,,,
,,OAKLAND,7692,841,28,36,,,,,,
,,MACOMB,6019,697,56,15,,,,,,
,,GENESEE,1750,223,11,9,,,,,,
,,WASHTENAW,1176,81,16,1,,,,,,
,PA,PHILADELPHIA,14637,891,253,16,6548,277107,,,,
,,MONTGOMERY,5116,523,79,8,,,,,,
,,DELEWARE,4836,394,156,12,,,,,,
,,LEHIGH,3169,120,29,6,,,,,,
,,BERKS,3257,169,67,1,,,,,,
,CA,LOS ANGELES,31268,1512,911,44,43094,955664,,,,
,,SAN DIEGO,4778,194,114,0,,,,,,
,,RIVERSIDE,4871,212,199,2,,,,,,
,,SANTA CLARA,2317,130,32,0,,,,,,
,,ORANGE,3506,75,111,3,,,,,,
10-May,NY,QUEENS,56862,3708,369,28,29230,1182998,,,,
,,KINGS,49817,4081,356,32,,,,,,
,,NASSAU,38217,2413,189,25,,,,,,
,,BRONX,41059,2740,255,17,,,,,,
,,SUFFOLK,36702,1667,241,20,,,,,,
,NJ,BERGEN,16929,1355,125,7,7241,312447,,,,
,,HUDSON,16822,969,147,15,,,,,,
,,ESSEX,15524,1423,159,9,,,,,,
,,UNION,14057,867,1073,15,,,,,,
,,PASSAIC,14543,744,115,10,,,,,,
,MA,SUFFOLK,15279,718,160,15,11852,388389,,,,
,,MIDDLESEX,17589,1207,282,38,,,,,,
,,ESSEX,11353,644,142,19,,,,,,
,,NORFOLK,6952,650,65,15,,,,,,
,,WORCESTER,6952,444,-659,24,,,,,,
,MI,WAYNE,18075,2097,115,15,12192,285678,,,,
,,OAKLAND,7736,843,44,2,,,,,,
,,MACOMB,6042,698,23,1,,,,,,
,,GENESEE,1758,224,8,1,,,,,,
,,WASHTENAW,1182,910,6,829,,,,,,
,PA,PHILADELPHIA,14883,894,246,3,7276,284383,,,,
,,MONTGOMERY,5260,525,144,2,,,,,,
,,DELEWARE,4976,395,140,1,,,,,,
,,LEHIGH,3241,121,72,1,,,,,,
,,BERKS,3371,170,114,1,,,,,,
,CA,LOS ANGELES,31711,1530,443,18,36233,991897,,,,
,,SAN DIEGO,4928,194,150,0,,,,,,
,,RIVERSIDE,4951,215,80,3,,,,,,
,,SANTA CLARA,2331,130,14,0,,,,,,
,,ORANGE,3627,76,121,1,,,,,,
11-May,NY,QUEENS,57180,3724,318,16,21652,1204650,,,,
,,KINGS,50072,4108,255,27,,,,,,
,,NASSAU,38337,2425,120,12,,,,,,
,,BRONX,31296,2758,,18,,,,,,
,,SUFFOLK,36911,1689,209,22,,,,,,
,NJ,BERGEN,17028,1358,99,3,113486,425933,,,,
,,HUDSON,16936,971,114,2,,,,,,
,,ESSEX,15602,1426,78,3,,,,,,
,,UNION,14164,875,107,8,,,,,,
,,PASSAIC,14645,747,102,3,,,,,,
,MA,SUFFOLK,15356,731,77,13,6339,394728,,,,
,,MIDDLESEX,17774,1235,185,28,,,,,,
,,ESSEX,11432,669,79,25,,,,,,
,,NORFOLK,7004,661,52,11,,,,,,
,,WORCESTER,7818,457,866,13,,,,,,
,MI,WAYNE,18194,2105,119,8,13270,298948,,,,
,,OAKLAND,7752,849,16,6,,,,,,
,,MACOMB,6064,699,22,1,,,,,,
,,GENESEE,1765,224,7,0,,,,,,
,,WASHTENAW,1192,81,10,-829,,,,,,
,PA,PHILADELPHIA,15008,893,125,-1,4475,288858,,,,
,,MONTGOMERY,5292,525,32,0,,,,,,
,,DELEWARE,5046,399,70,4,,,,,,
,,LEHIGH,3259,121,18,0,,,,,,
,,BERKS,3417,171,46,1,,,,,,
,CA,LOS ANGELES,32279,1569,568,39,41473,1033370,,,,
,,SAN DIEGO,5067,204,139,10,,,,,,
,,RIVERSIDE,5082,228,131,13,,,,,,
,,SANTA CLARA,2340,133,9,3,,,,,,
,,ORANGE,3699,78,72,2,,,,,,
12-May,NY,QUEENS,57391,3746,211,22,20463,1225113,,,,
,,KINGS,50331,4132,259,24,,,,,,
,,NASSAU,38434,2453,97,28,,,,,,
,,BRONX,41441,2777,10145,19,,,,,,
,,SUFFOLK,37062,1704,151,15,,,,,,
,NJ,BERGEN,17091,1388,63,30,7127,433060,,,,
,,HUDSON,16975,981,39,10,,,,,,
,,ESSEX,15685,1444,83,18,,,,,,
,,UNION,14203,899,39,24,,,,,,
,,PASSAIC,14716,765,71,18,,,,,,
,MA,SUFFOLK,15454,732,98,1,6768,401496,,,,
,,MIDDLESEX,17953,1244,179,9,,,,,,
,,ESSEX,11572,678,140,9,,,,,,
,,NORFOLK,7046,663,42,2,,,,,,
,,WORCESTER,7959,459,141,2,,,,,,
,MI,WAYNE,18274,2140,80,35,8942,307890,,,,
,,OAKLAND,7784,872,32,23,,,,,,
,,MACOMB,6097,710,33,11,,,,,,
,,GENESEE,1782,225,17,1,,,,,,
,,WASHTENAW,1206,82,14,1,,,,,,
,PA,PHILADELPHIA,15218,908,210,15,7122,295980,,,,
,,MONTGOMERY,5442,534,150,9,,,,,,
,,DELEWARE,5084,405,38,6,,,,,,
,,LEHIGH,3286,123,27,2,,,,,,
,,BERKS,3453,172,36,1,,,,,,
,CA,LOS ANGELES,33281,1613,1002,44,32222,1065592,,,,
,,SAN DIEGO,5163,217,96,13,,,,,,
,,RIVERSIDE,5134,238,52,10,,,,,,
,,SANTA CLARA,2362,133,22,0,,,,,,
,,ORANGE,3843,78,144,0,,,,,,
13-May,NY,QUEENS,57748,3762,357,16,33794,1258907,,,,
,,KINGS,50667,4155,336,23,,,,,,
,,NASSAU,38587,2468,153,15,,,,,,
,,BRONX,41677,2797,236,20,,,,,,
,,SUFFOLK,37305,1729,243,25,,,,,,
,NJ,BERGEN,17150,1409,59,21,8390,441450,,,,
,,HUDSON,17035,1007,60,26,,,,,,
,,ESSEX,15749,1471,64,27,,,,,,
,,UNION,14306,908,103,9,,,,,,
,,PASSAIC,14757,785,41,20,,,,,,
,MA,SUFFOLK,15587,749,133,17,8536,410032,,,,
,,MIDDLESEX,18201,1282,248,38,,,,,,
,,ESSEX,11703,704,131,26,,,,,,
,,NORFOLK,7129,676,83,13,,,,,,
,,WORCESTER,8241,489,282,30,,,,,,
,MI,WAYNE,18389,2156,115,16,370,308260,,,,
,,OAKLAND,7830,874,46,2,,,,,,
,,MACOMB,6137,717,40,7,,,,,,
,,GENESEE,1784,227,2,2,,,,,,
,,WASHTENAW,1210,83,4,1,,,,,,
,PA,PHILADELPHIA,15376,986,158,78,6889,302869,,,,
,,MONTGOMERY,5513,556,71,22,,,,,,
,,DELEWARE,5157,419,73,14,,,,,,
,,LEHIGH,3318,129,32,6,,,,,,
,,BERKS,3485,179,32,7,,,,,,
,CA,LOS ANGELES,34574,1659,1293,46,39059,1104651,,,,
,,SAN DIEGO,5280,223,117,6,,,,,,
,,RIVERSIDE,5204,246,70,8,,,,,,
,,SANTA CLARA,2370,135,8,2,,,,,,
,,ORANGE,4025,80,182,2,,,,,,
14-May,NY,QUEENS,58084,3770,336,8,39850,1298757,,,,
,,KINGS,51095,4183,428,28,,,,,,
,,NASSAU,38743,2485,156,17,,,,,,
,,BRONX,41980,2819,303,22,,,,,,
,,SUFFOLK,37544,1745,239,16,,,,,,
,NJ,BERGEN,17080,1423,-70,14,10246,451696,,,,
,,HUDSON,17134,1032,99,25,,,,,,
,,ESSEX,15824,1496,75,25,,,,,,
,,UNION,14385,930,79,22,,,,,,
,,PASSAIC,14887,802,130,17,,,,,,
,MA,SUFFOLK,15881,759,294,10,14329,424361,,,,
,,MIDDLESEX,18381,1327,180,45,,,,,,
,,ESSEX,11950,725,247,21,,,,,,
,,NORFOLK,7258,696,129,20,,,,,,
,,WORCESTER,8555,524,314,35,,,,,,
,MI,WAYNE,18770,2183,381,27,27623,335883,,,,
,,OAKLAND,7952,888,122,14,,,,,,
,,MACOMB,6232,728,95,11,,,,,,
,,GENESEE,1813,228,29,1,,,,,,
,,WASHTENAW,1231,86,21,3,,,,,,
,PA,PHILADELPHIA,15624,1008,248,22,8326,311195,,,,
,,MONTGOMERY,5583,587,70,31,,,,,,
,,DELEWARE,5252,448,95,29,,,,,,
,,LEHIGH,3378,133,60,4,,,,,,
,,BERKS,3530,196,45,17,,,,,,
,CA,LOS ANGELES,35427,1709,853,50,29255,1133906,,,,
,,SAN DIEGO,5393,231,113,8,,,,,,
,,RIVERSIDE,5339,249,135,3,,,,,,
,,SANTA CLARA,2380,135,10,0,,,,,,
,,ORANGE,4163,80,138,0,,,,,,
15-May,NY,QUEENS,58516,3781,432,11,39291,1338048,,,,
,,KINGS,51581,4200,486,17,,,,,,
,,NASSAU,38864,2499,121,14,,,,,,
,,BRONX,42519,2832,539,13,,,,,,
,,SUFFOLK,37719,1757,175,12,,,,,,
,NJ,BERGEN,17195,1443,115,20,11276,462972,,,,
,,HUDSON,17237,1042,103,10,,,,,,
,,ESSEX,15953,1510,129,14,,,,,,
,,UNION,14492,939,107,9,,,,,,
,,PASSAIC,14930,816,43,14,,,,,,
,MA,SUFFOLK,15996,768,115,9,11318,435679,,,,
,,MIDDLESEX,18683,1347,302,20,,,,,,
,,ESSEX,12131,751,181,26,,,,,,
,,NORFOLK,7331,710,73,14,,,,,,
,,WORCESTER,8786,538,231,14,,,,,,
,MI,WAYNE,18882,2192,112,9,21613,357496,,,,
,,OAKLAND,7994,896,42,8,,,,,,
,,MACOMB,6274,729,42,1,,,,,,
,,GENESEE,1835,229,22,1,,,,,,
,,WASHTENAW,1236,87,5,1,,,,,,
,PA,PHILADELPHIA,15835,1021,211,13,8637,319832,,,,
,,MONTGOMERY,5697,608,114,21,,,,,,
,,DELEWARE,5409,466,157,18,,,,,,
,,LEHIGH,3396,136,18,3,,,,,,
,,BERKS,3593,207,63,11,,,,,,
,CA,LOS ANGELES,36317,1755,890,46,45220,1179126,,,,
,,SAN DIEGO,5525,235,132,4,,,,,,
,,RIVERSIDE,5496,255,157,6,,,,,,
,,SANTA CLARA,2395,136,15,1,,,,,,
,,ORANGE,4281,84,118,4,,,,,,
16-May,NY,QUEENS,58841,3800,325,19,40669,1378717,,,,
,,KINGS,51991,4222,410,22,,,,,,
,,NASSAU,39033,2507,169,8,,,,,,
,,BRONX,42812,2843,293,11,,,,,,
,,SUFFOLK,37942,1783,223,26,,,,,,
,NJ,BERGEN,17246,1450,51,7,12252,475224,,,,
,,HUDSON,17326,1045,89,3,,,,,,
,,ESSEX,16032,1522,79,12,,,,,,
,,UNION,14569,946,77,7,,,,,,
,,PASSAIC,15031,831,101,15,,,,,,
,MA,SUFFOLK,16346,778,350,10,12410,448089,,,,
,,MIDDLESEX,18883,1370,200,23,,,,,,
,,ESSEX,12314,766,183,15,,,,,,
,,NORFOLK,7412,719,81,9,,,,,,
,,WORCESTER,9067,554,281,16,,,,,,
,MI,WAYNE,,,-18882,-2192,425,357921,,,,
,,OAKLAND,8023,910,29,14,,,,,,
,,MACOMB,6304,739,30,10,,,,,,
,,GENESEE,1845,230,10,1,,,,,,
,,WASHTENAW,1241,88,5,1,,,,,,
,PA,PHILADELPHIA,16032,1031,197,10,8004,327836,,,,
,,MONTGOMERY,5797,614,100,6,,,,,,
,,DELEWARE,5555,478,146,12,,,,,,
,,LEHIGH,3440,139,44,3,,,,,,
,,BERKS,3643,208,50,1,,,,,,
,CA,LOS ANGELES,37352,1793,1035,38,56117,1235243,,,,
,,SAN DIEGO,5664,235,139,0,,,,,,
,,RIVERSIDE,5633,259,137,4,,,,,,
,,SANTA CLARA,2420,136,25,0,,,,,,
,,ORANGE,4396,87,115,3,,,,,,
17-May,NY,QUEENS,59132,3816,291,16,34679,1413396,,,,
,,KINGS,52298,4241,307,19,,,,,,
,,NASSAU,39136,2517,103,10,,,,,,
,,BRONX,43022,2854,210,11,,,,,,
,,SUFFOLK,38117,1799,175,16,,,,,,
,NJ,BERGEN,17361,1455,115,5,12341,487565,,,,
,,HUDSON,17447,1057,121,12,,,,,,
,,ESSEX,16140,1528,108,6,,,,,,
,,UNION,14702,957,133,11,,,,,,
,,PASSAIC,15205,838,174,7,,,,,,
,MA,SUFFOLK,16479,787,133,9,12737,460826,,,,
,,MIDDLESEX,19129,1394,246,24,,,,,,
,,ESSEX,12462,776,148,10,,,,,,
,,NORFOLK,7474,725,62,6,,,,,,
,,WORCESTER,9252,569,185,15,,,,,,
,MI,WAYNE,19065,2213,19065,2213,39037,396958,,,,
,,OAKLAND,8043,912,20,2,,,,,,
,,MACOMB,6345,740,41,1,,,,,,
,,GENESEE,1866,230,21,0,,,,,,
,,WASHTENAW,1242,88,1,0,,,,,,
,PA,PHILADELPHIA,16140,1031,108,0,5068,332904,,,,
,,MONTGOMERY,5872,620,75,6,,,,,,
,,DELEWARE,5619,478,64,0,,,,,,
,,LEHIGH,3470,139,30,0,,,,,,
,,BERKS,3677,208,34,0,,,,,,
,CA,LOS ANGELES,37996,1821,644,28,57429,1292672,,,,
,,SAN DIEGO,5838,242,174,7,,,,,,
,,RIVERSIDE,5776,263,143,4,,,,,,
,,SANTA CLARA,2453,136,33,0,,,,,,
,,ORANGE,4466,88,70,1,,,,,,
18-May,NY,QUEENS,59324,3826,192,10,26161,1439557,,,,
,,KINGS,52485,4261,187,20,,,,,,
,,NASSAU,39225,2530,89,13,,,,,,
,,BRONX,43158,2871,136,17,,,,,,
,,SUFFOLK,38224,1804,107,5,,,,,,
,NJ,BERGEN,17459,1460,98,5,18004,505569,,,,
,,HUDSON,27574,1068,10127,11,,,,,,
,,ESSEX,16600,1546,460,18,,,,,,
,,UNION,14903,962,201,5,,,,,,
,,PASSAIC,15278,839,73,1,,,,,,
,MA,SUFFOLK,16671,793,192,6,8373,469199,,,,
,,MIDDLESEX,19345,1412,216,18,,,,,,
,,ESSEX,12587,790,125,14,,,,,,
,,NORFOLK,7524,728,50,3,,,,,,
,,WORCESTER,9442,581,190,12,,,,,,
,MI,WAYNE,19128,2226,63,13,13220,410178,,,,
,,OAKLAND,8050,913,7,1,,,,,,
,,MACOMB,6357,740,12,0,,,,,,
,,GENESEE,1869,231,3,1,,,,,,
,,WASHTENAW,1245,89,3,1,,,,,,
,PA,PHILADELPHIA,16340,1080,200,49,7705,340609,,,,
,,MONTGOMERY,6012,566,140,-54,,,,,,
,,DELEWARE,5689,478,70,0,,,,,,
,,LEHIGH,3491,173,21,34,,,,,,
,,BERKS,3719,248,42,40,,,,,,
,CA,LOS ANGELES,38477,1839,481,18,46644,1339316,,,,
,,SAN DIEGO,5948,242,110,0,,,,,,
,,RIVERSIDE,5873,268,97,5,,,,,,
,,SANTA CLARA,2468,136,15,0,,,,,,
,,ORANGE,4558,88,92,0,,,,,,
19-May,NY,QUEENS,59508,3841,184,15,28182,1467739,,,,
,,KINGS,52681,4274,196,13,,,,,,
,,NASSAU,39295,2541,70,11,,,,,,
,,BRONX,43270,2884,112,13,,,,,,
,,SUFFOLK,38327,1822,103,18,,,,,,
,NJ,BERGEN,17522,1474,63,14,14613,520182,,,,
,,HUDSON,17621,1082,-9953,14,,,,,,
,,ESSEX,16686,1565,86,19,,,,,,
,,UNION,15031,977,128,15,,,,,,
,,PASSAIC,15371,842,93,3,,,,,,
,MA,SUFFOLK,16825,797,154,4,7741,476940,,,,
,,MIDDLESEX,19504,1436,159,24,,,,,,
,,ESSEX,12748,797,161,7,,,,,,
,,NORFOLK,7565,735,41,7,,,,,,
,,WORCESTER,9582,597,140,16,,,,,,
,MI,WAYNE,19292,2275,164,49,12726,422904,,,,
,,OAKLAND,8078,928,28,15,,,,,,
,,MACOMB,6367,753,10,13,,,,,,
,,GENESEE,1891,235,22,4,,,,,,
,,WASHTENAW,1251,89,6,0,,,,,,
,PA,PHILADELPHIA,16487,1109,147,29,9091,349700,,,,
,,MONTGOMERY,6063,575,51,9,,,,,,
,,DELEWARE,5754,491,65,13,,,,,,
,,LEHIGH,3513,182,22,9,,,,,,
,,BERKS,3735,262,16,14,,,,,,
,CA,LOS ANGELES,39670,1913,1193,74,40804,1380120,,,,
,,SAN DIEGO,6028,242,80,0,,,,,,
,,RIVERSIDE,5963,274,90,6,,,,,,
,,SANTA CLARA,2480,139,12,3,,,,,,
,,ORANGE,4767,88,209,0,,,,,,
20-May,NY,QUEENS,59752,3852,244,11,38097,1505836,,,,
,,KINGS,52889,4311,208,37,,,,,,
,,NASSAU,39368,2550,73,9,,,,,,
,,BRONX,43418,2891,148,7,,,,,,
,,SUFFOLK,38411,1840,84,18,,,,,,
,NJ,BERGEN,17518,1500,-4,26,11161,531343,,,,
,,HUDSON,17748,1106,127,24,,,,,,
,,ESSEX,16852,1569,166,4,,,,,,
,,UNION,15122,994,91,17,,,,,,
,,PASSAIC,15426,855,55,13,,,,,,
,MA,SUFFOLK,16962,807,137,10,13013,489953,,,,
,,MIDDLESEX,29708,1462,10204,26,,,,,,
,,ESSEX,12920,817,172,20,,,,,,
,,NORFOLK,7607,749,42,14,,,,,,
,,WORCESTER,9780,625,198,28,,,,,,
,MI,WAYNE,19432,2284,140,9,14168,437072,,,,
,,OAKLAND,8117,935,39,7,,,,,,
,,MACOMB,6392,763,25,10,,,,,,
,,GENESEE,1915,238,24,3,,,,,,
,,WASHTENAW,1261,90,10,1,,,,,,
,PA,PHILADELPHIA,16645,1152,158,43,7956,357656,,,,
,,MONTGOMERY,6154,596,91,21,,,,,,
,,DELEWARE,5844,491,90,0,,,,,,
,,LEHIGH,3550,188,37,6,,,,,,
,,BERKS,3763,273,28,11,,,,,,
,CA,LOS ANGELES,40932,1970,1262,57,41007,1421127,,,,
,,SAN DIEGO,6142,262,114,20,,,,,,
,,RIVERSIDE,6090,283,127,9,,,,,,
,,SANTA CLARA,2508,139,28,0,,,,,,
,,ORANGE,4866,98,99,10,,,,,,
21-May,NY,QUEENS,60025,3862,273,10,49219,1555055,,,,
,,KINGS,53385,4324,496,13,,,,,,
,,NASSAU,39487,2558,119,8,,,,,,
,,BRONX,43603,2901,185,10,,,,,,
,,SUFFOLK,38553,1851,142,11,,,,,,
,NJ,BERGEN,17583,1508,65,8,12931,544274,,,,
,,HUDSON,17814,1121,66,15,,,,,,
,,ESSEX,16906,1576,54,7,,,,,,
,,UNION,15176,1005,54,11,,,,,,
,,PASSAIC,15497,864,71,9,,,,,,
,MA,SUFFOLK,17089,813,127,6,11533,501486,,,,
,,MIDDLESEX,19930,1478,-9778,16,,,,,,
,,ESSEX,13063,831,143,14,,,,,,
,,NORFOLK,7691,759,84,10,,,,,,
,,WORCESTER,99997,640,90217,15,,,,,,
,MI,WAYNE,19538,2313,106,29,17668,454740,,,,
,,OAKLAND,8125,945,8,10,,,,,,
,,MACOMB,6420,772,28,9,,,,,,
,,GENESEE,1926,240,11,2,,,,,,
,,WASHTENAW,1265,95,4,5,,,,,,
,PA,PHILADELPHIA,16840,1178,195,26,11250,368906,,,,
,,MONTGOMERY,6268,607,114,11,,,,,,
,,DELEWARE,5969,491,125,0,,,,,,
,,LEHIGH,3586,192,36,4,,,,,,
,,BERKS,3784,279,21,6,,,,,,
,CA,LOS ANGELES,42063,2016,1131,46,45646,1466773,,,,
,,SAN DIEGO,6317,262,175,0,,,,,,
,,RIVERSIDE,6245,289,155,6,,,,,,
,,SANTA CLARA,2520,139,12,0,,,,,,
,,ORANGE,4975,112,109,14,,,,,,
22-May,NY,QUEENS,60236,3870,211,8,45738,1600793,,,,
,,KINGS,53639,4336,254,12,,,,,,
,,NASSAU,39608,2572,121,14,,,,,,
,,BRONX,43766,2909,163,8,,,,,,
,,SUFFOLK,38672,1863,119,12,,,,,,
,NJ,BERGEN,17653,1515,70,7,11040,555314,,,,
,,HUDSON,17897,1134,83,13,,,,,,
,,ESSEX,17014,1585,108,9,,,,,,
,,UNION,15191,1018,15,13,,,,,,
,,PASSAIC,15604,881,107,17,,,,,,
,MA,SUFFOLK,17180,818,91,5,10158,511644,,,,
,,MIDDLESEX,20085,1496,155,18,,,,,,
,,ESSEX,13221,842,158,11,,,,,,
,,NORFOLK,7724,771,33,12,,,,,,
,,WORCESTER,10101,652,-89896,12,,,,,,
,MI,WAYNE,19602,2323,64,10,17044,471784,,,,
,,OAKLAND,8131,944,6,-1,,,,,,
,,MACOMB,6445,776,25,4,,,,,,
,,GENESEE,1929,240,3,0,,,,,,
,,WASHTENAW,1275,96,10,1,,,,,,
,PA,PHILADELPHIA,17057,1221,217,43,10095,379001,,,,
,,MONTGOMERY,6366,619,98,12,,,,,,
,,DELEWARE,6060,518,91,27,,,,,,
,,LEHIGH,3613,197,27,5,,,,,,
,,BERKS,3838,283,54,4,,,,,,
,CA,LOS ANGELES,43025,2049,962,33,48533,1515306,,,,
,,SAN DIEGO,6436,271,119,9,,,,,,
,,RIVERSIDE,6351,298,106,9,,,,,,
,,SANTA CLARA,2537,139,17,0,,,,,,
,,ORANGE,5144,118,169,6,,,,,,
23-May,NY,QUEENS,60422,3879,186,9,51268,1652061,,,,
,,KINGS,53902,4346,263,10,,,,,,
,,NASSAU,39726,2578,118,6,,,,,,
,,BRONX,43921,2916,155,7,,,,,,
,,SUFFOLK,38802,1871,130,8,,,,,,
,NJ,BERGEN,17668,1521,15,6,23421,578735,,,,
,,HUDSON,17910,1138,13,4,,,,,,
,,ESSEX,17065,1588,51,3,,,,,,
,,UNION,15186,1022,-5,4,,,,,,
,,PASSAIC,15610,888,6,7,,,,,,
,MA,SUFFOLK,17291,827,111,9,9342,520986,,,,
,,MIDDLESEX,20232,1512,147,16,,,,,,
,,ESSEX,13334,848,113,6,,,,,,
,,NORFOLK,7759,774,35,3,,,,,,
,,WORCESTER,10251,667,150,15,,,,,,
,MI,WAYNE,19697,2361,95,38,-20866,450918,,,,
,,OAKLAND,8192,954,61,10,,,,,,
,,MACOMB,6482,778,37,2,,,,,,
,,GENESEE,1936,240,7,0,,,,,,
,,WASHTENAW,1282,96,7,0,,,,,,
,PA,PHILADELPHIA,17208,1233,151,12,9451,388452,,,,
,,MONTGOMERY,6464,633,98,14,,,,,,
,,DELEWARE,6114,521,54,3,,,,,,
,,LEHIGH,3628,202,15,5,,,,,,
,,BERKS,3845,292,7,9,,,,,,
,CA,LOS ANGELES,44029,2090,1004,41,67439,1582745,,,,
,,SAN DIEGO,6561,275,125,4,,,,,,
,,RIVERSIDE,6460,299,109,1,,,,,,
,,SANTA CLARA,2593,139,56,0,,,,,,
,,ORANGE,5313,130,169,12,,,,,,
24-May,NY,QUEENS,60636,3888,214,9,47765,1699826,,,,
,,KINGS,54175,4360,273,14,,,,,,
,,NASSAU,39837,2586,111,8,,,,,,
,,BRONX,44137,2921,216,5,,,,,,
,,SUFFOLK,38964,1883,162,12,,,,,,
,NJ,BERGEN,17804,1525,136,4,25072,603807,,,,
,,HUDSON,17977,1139,67,1,,,,,,
,,ESSEX,17142,1595,77,7,,,,,,
,,UNION,15169,1025,-17,3,,,,,,
,,PASSAIC,15686,890,76,2,,,,,,
,MA,SUFFOLK,17417,838,126,11,11387,532373,,,,
,,MIDDLESEX,20437,1518,205,6,,,,,,
,,ESSEX,13457,859,123,11,,,,,,
,,NORFOLK,7812,782,53,8,,,,,,
,,WORCESTER,10431,679,180,12,,,,,,
,MI,WAYNE,19771,2359,74,-2,314,451232,,,,
,,OAKLAND,8215,955,23,1,,,,,,
,,MACOMB,6499,778,17,0,,,,,,
,,GENESEE,1948,240,12,0,,,,,,
,,WASHTENAW,1294,96,12,0,,,,,,
,PA,PHILADELPHIA,17384,1233,176,0,7643,396095,,,,
,,MONTGOMERY,6525,633,61,0,,,,,,
,,DELEWARE,6179,521,65,0,,,,,,
,,LEHIGH,3651,206,23,4,,,,,,
,,BERKS,3885,296,40,4,,,,,,
,CA,LOS ANGELES,44954,2104,925,14,61357,1644102,,,,
,,SAN DIEGO,6703,275,142,0,,,,,,
,,RIVERSIDE,6571,304,111,5,,,,,,
,,SANTA CLARA,2623,139,30,0,,,,,,
,,ORANGE,5439,131,126,1,,,,,,
25-May,NY,QUEENS,60828,3900,192,12,39623,1739449,,,,
,,KINGS,54360,4375,185,15,,,,,,
,,NASSAU,39907,2597,70,11,,,,,,
,,BRONX,44247,2932,110,11,,,,,,
,,SUFFOLK,39090,1888,126,5,,,,,,
,NJ,BERGEN,17901,1525,97,0,19990,623797,,,,
,,HUDSON,18051,1137,74,-2,,,,,,
,,ESSEX,17202,1595,60,0,,,,,,
,,UNION,15218,1024,49,-1,,,,,,
,,PASSAIC,15774,891,88,1,,,,,,
,MA,SUFFOLK,17480,838,63,0,8188,540561,,,,
,,MIDDLESEX,20539,1518,102,0,,,,,,
,,ESSEX,13575,859,118,0,,,,,,
,,NORFOLK,7844,782,32,0,,,,,,
,,WORCESTER,10505,679,74,0,,,,,,
,MI,WAYNE,19816,2364,45,5,21628,472860,,,,
,,OAKLAND,8226,955,11,0,,,,,,
,,MACOMB,6516,778,17,0,,,,,,
,,GENESEE,1961,242,13,2,,,,,,
,,WASHTENAW,1298,96,4,0,,,,,,
,PA,PHILADELPHIA,17495,1235,111,2,7019,403114,,,,
,,MONTGOMERY,6576,633,51,0,,,,,,
,,DELEWARE,6210,524,31,3,,,,,,
,,LEHIGH,3667,209,16,3,,,,,,
,,BERKS,3903,296,18,0,,,,,,
,CA,LOS ANGELES,45952,2116,998,12,52294,1696396,,,,
,,SAN DIEGO,6799,275,96,0,,,,,,
,,RIVERSIDE,6900,309,329,5,,,,,,
,,SANTA CLARA,2647,140,24,1,,,,,,
,,ORANGE,5601,131,162,0,,,,,,
26-May,NY,QUEENS,60960,3905,132,5,34679,1774128,,,,
,,KINGS,54560,4384,200,9,,,,,,
,,NASSAU,39974,2601,67,4,,,,,,
,,BRONX,44364,2938,117,6,,,,,,
,,SUFFOLK,39199,19000,109,17112,,,,,,
,NJ,BERGEN,17963,1528,62,3,12095,635892,,,,
,,HUDSON,18096,1143,45,6,,,,,,
,,ESSEX,17255,1605,53,10,,,,,,
,,UNION,15293,1030,75,6,,,,,,
,,PASSAIC,15826,892,52,1,,,,,,
,MA,SUFFOLK,17533,844,53,6,4920,545481,,,,
,,MIDDLESEX,20601,1535,62,17,,,,,,
,,ESSEX,13670,870,95,11,,,,,,
,,NORFOLK,7863,791,19,9,,,,,,
,,WORCESTER,10557,700,52,21,,,,,,
,MI,WAYNE,19926,2368,110,4,11419,484279,,,,
,,OAKLAND,8240,958,14,3,,,,,,
,,MACOMB,6528,779,12,1,,,,,,
,,GENESEE,1964,245,3,3,,,,,,
,,WASHTENAW,1301,96,3,0,,,,,,
,PA,PHILADELPHIA,17597,1243,102,8,5358,408472,,,,
,,MONTGOMERY,6598,635,22,2,,,,,,
,,DELEWARE,6243,524,33,0,,,,,,
,,LEHIGH,3676,210,9,1,,,,,,
,,BERKS,3919,296,16,0,,,,,,
,CA,LOS ANGELES,,,,,,,,,,
,,SAN DIEGO,,,,,,,,,,
,,RIVERSIDE,,,,,,,,,,
,,SANTA CLARA,,,,,,,,,,
,,ORANGE,,,,,,,,,,